Workbook

Sheet 追加新規商品コード
A1: 追加新規商品コード（自動検出／人確認用）
A2: 商品コード | B2: 商品名 | C2: 在庫数 | D2: 移動先シート | E2: 初回検知日 | F2: 状態 | G2: SourceType | H2: SourceLabel
A3: 0500FG | B3: 500FGﾚｲｺｰ燃料ﾌｨﾙﾀｰｾｯﾄ品 | C3: 0 | D3: 1 | E3: 46293 | F3: 未振分 | G3: Sub | H3: 倉庫在庫データ.csv
A4: 0900FH | B4: 0900FHﾚｲｺｰ燃料ﾌｨﾙﾀｰｾｯﾄ品 | C4: 20 | D4: 1 | E4: 46293 | F4: 未振分 | G4: Sub | H4: 倉庫在庫データ.csv
A5: 1000FH | B5: 1000FHﾚｲｺｰ燃料ﾌｨﾙﾀｰｾｯﾄ品 | C5: 0 | D5: 1 | E5: 46293 | F5: 未振分 | G5: Sub | H5: 倉庫在庫データ.csv
A6: 1FB33005 | B6: BCS180*120給水Wｽﾀﾝ後部用筒のみ | C6: 5 | D6: 3 | E6: 46293 | F6: 未振分 | G6: Sub | H6: 倉庫在庫データ.csv
A7: 1FB33006 | B7: BCS180*120前金具給水 | C7: 6 | D7: 3 | E7: 46293 | F7: 未振分 | G7: Sub | H7: 倉庫在庫データ.csv
A8: 1FB33007 | B8: BCS180*115前金具給水 | C8: 1 | D8: 3 | E8: 46293 | F8: 未振分 | G8: Sub | H8: 倉庫在庫データ.csv
A9: 1FB33008 | B9: BCS180*115後金具給水 | C9: 1 | D9: 3 | E9: 46293 | F9: 未振分 | G9: Sub | H9: 倉庫在庫データ.csv
A10: 1FC53002 | B10: BCS170*20TWｽﾀﾝ用丸座金 | C10: 4 | D10: 3 | E10: 46293 | F10: 未振分 | G10: Sub | H10: 倉庫在庫データ.csv
A11: 1FC54002 | B11: BCS77*42ﾊﾟｯｷﾝｸﾞﾗﾝﾄﾞ | C11: 77 | D11: 3 | E11: 46293 | F11: 未振分 | G11: Sub | H11: 倉庫在庫データ.csv
A12: 1FC54003 | B12: BCS96*48ﾊﾟｯｷﾝｸﾞﾗﾝﾄﾞ | C12: 7 | D12: 3 | E12: 46293 | F12: 未振分 | G12: Sub | H12: 倉庫在庫データ.csv
A13: 1FC54004 | B13: BCS110*55ﾊﾟｯｷﾝｸﾞﾗﾝﾄﾞ | C13: 18 | D13: 3 | E13: 46293 | F13: 未振分 | G13: Sub | H13: 倉庫在庫データ.csv
A14: 1FC54005 | B14: BCS120*65ﾊﾟｯｷﾝｸﾞﾗﾝﾄﾞ | C14: 11 | D14: 3 | E14: 46293 | F14: 未振分 | G14: Sub | H14: 倉庫在庫データ.csv
... A26: 50SPFNASI | B26: 50SPﾌﾗﾝｼﾞ型海水こし器(ﾌﾗﾝｼﾞ無し) | C26: 15 | D26: 6 | E26: 46293 | F26: 未振分 | G26: Sub | H26: 倉庫在庫データ.csv
A27: 6KR04M | B27: 4M6角ﾚﾝﾁ | C27: 207 | E27: 46293 | F27: 未振分 | G27: Sub | H27: 倉庫在庫データ.csv
A28: 6KR05M | B28: 5M6角ﾚﾝﾁ | C28: 243 | E28: 46293 | F28: 未振分 | G28: Sub | H28: 倉庫在庫データ.csv
A29: 6KR10M | B29: 10M6角ﾚﾝﾁ | C29: 77 | E29: 46293 | F29: 未振分 | G29: Sub | H29: 倉庫在庫データ.csv
A30: 6KR14M | B30: 14M6角ﾚﾝﾁ | C30: 78 | E30: 46293 | F30: 未振分 | G30: Sub | H30: 倉庫在庫データ.csv
A31: 8808454 | B31: 8808454亜鉛棒(ﾌﾟﾗｸﾞ付)21φｘ50ｘ77 | C31: 0 | E31: 46293 | F31: 未振分 | G31: Sub | H31: 倉庫在庫データ.csv
A32: A070R | B32: A-70ｱﾙﾐｶﾞｲﾄﾞﾛｰﾗｰ用ﾛｰﾗｰ | C32: 71 | E32: 46293 | F32: 未振分 | G32: Sub | H32: 倉庫在庫データ.csv
A33: A090 | B33: A-90ｱﾙﾐｶﾞｲﾄﾞﾛｰﾗｰ | C33: 6 | E33: 46293 | F33: 未振分 | G33: Sub | H33: 倉庫在庫データ.csv
A34: A090R | B34: A-90ｱﾙﾐｶﾞｲﾄﾞﾛｰﾗｰ用ﾛｰﾗｰ | C34: 18 | E34: 46293 | F34: 未振分 | G34: Sub | H34: 倉庫在庫データ.csv
A35: A140R | B35: A-140ｱﾙﾐｶﾞｲﾄﾞﾛｰﾗｰ用ﾛｰﾗｰ | C35: 34 | E35: 46293 | F35: 未振分 | G35: Sub | H35: 倉庫在庫データ.csv
A36: A2K09 | B36: BS3/8ｴｱｰ2方ｺｯｸ | C36: 3 | E36: 46293 | F36: 未振分 | G36: Sub | H36: 倉庫在庫データ.csv
A37: A31509 | B37: A31509日発用ｸﾗﾝﾌﾟ | C37: 57 | E37: 46293 | F37: 未振分 | G37: Sub | H37: 倉庫在庫データ.csv
A38: A31538 | B38: A31538日発用ｼﾑ | C38: 62 | E38: 46293 | F38: 未振分 | G38: Sub | H38: 倉庫在庫データ.csv
... A6047: ZZZ045 | B6047: ZZZ製45軸受ﾒﾀﾙ | C6047: 2 | E6047: 46293 | F6047: 未振分 | G6047: Sub | H6047: 倉庫在庫データ.csv

Sheet 欠品
B41: 46252 | C41: 46253 | D41: 46254 | E41: 46255 | F41: 46258 | G41: 46259 | H41: 46260 | I41: 46261 | J41: 46262 | K41: 46265 | L41: 46266 | M41: 46267 | N41: 46268 | O41: 46269 | P41: 46272 | Q41: 46273 | R41: 46274 | S41: 46275 | T41: 46276 | U41: 46279 | V41: 46280 | W41: 46281 | X41: 46282 | Y41: 46283 | Z41: 46289 | AA41: 46290 | AB41: 46293 | AC41: =TODAY() -> 46293
A42: 目標 | B42: =(MAX($B43:$AE43)+MIN($B43:$AE43))/2 -> 11 | C42: =(MAX($B43:$AE43)+MIN($B43:$AE43))/2 -> 11 | D42: =(MAX($B43:$AE43)+MIN($B43:$AE43))/2 -> 11 | E42: =(MAX($B43:$AE43)+MIN($B43:$AE43))/2 -> 11 | F42: =(MAX($B43:$AE43)+MIN($B43:$AE43))/2 -> 11 | G42: =(MAX($B43:$AE43)+MIN($B43:$AE43))/2 -> 11 | H42: =(MAX($B43:$AE43)+MIN($B43:$AE43))/2 -> 11 | I42: =(MAX($B43:$AE43)+MIN($B43:$AE43))/2 -> 11 | ... AC42: =(MAX($B43:$AE43)+MIN($B43:$AE43))/2 -> 11 | AD42: 0.035
A43: 合計 | B43: =SUM(B44:B61) -> 9 | C43: =SUM(C44:C61) -> 9 | D43: =SUM(D44:D61) -> 12 | E43: =SUM(E44:E61) -> 13 | F43: =SUM(F44:F61) -> 17 | G43: =SUM(G44:G61) -> 13 | H43: =SUM(H44:H61) -> 14 | I43: =SUM(I44:I61) -> 14 | ... AC43: =SUM(AC44:AC61) -> 6
A44: ='1'!$C$2 -> 1.その他 | B44: 0 | C44: 0 | D44: 0 | E44: 0 | F44: 0 | G44: 0 | H44: 0 | I44: 0 | J44: 0 | K44: 0 | L44: 0 | M44: 0 | N44: 0 | O44: 0 | P44: 0 | Q44: 0 | R44: 0 | S44: 0 | T44: 0 | U44: 0 | V44: 0 | W44: 0 | X44: 0 | Y44: 0 | Z44: 0 | AA44: 0 | AB44: 0 | AC44: ='1'!I2 -> 0
A45: ='10'!C2 -> 10.ミキシング | B45: 0 | C45: 0 | D45: 0 | E45: 0 | F45: 0 | G45: 0 | H45: 0 | I45: 0 | J45: 0 | K45: 0 | L45: 0 | M45: 0 | N45: 0 | O45: 0 | P45: 0 | Q45: 0 | R45: 0 | S45: 0 | T45: 0 | U45: 1 | V45: 1 | W45: 1 | X45: 1 | Y45: 1 | Z45: 1 | AA45: 1 | AB45: 1 | AC45: ='10'!I2 -> 1
A46: ='11'!C2 -> 11.シール類 | B46: 1 | C46: 1 | D46: 1 | E46: 1 | F46: 1 | G46: 1 | H46: 1 | I46: 1 | J46: 1 | K46: 1 | L46: 1 | M46: 1 | N46: 1 | O46: 1 | P46: 1 | Q46: 1 | R46: 1 | S46: 1 | T46: 1 | U46: 1 | V46: 1 | W46: 1 | X46: 1 | Y46: 1 | Z46: 1 | AA46: 1 | AB46: 1 | AC46: ='11'!I2 -> 1
A47: ='12'!C2 -> 12.バルブ類 | B47: 1 | C47: 1 | D47: 1 | E47: 1 | F47: 1 | G47: 1 | H47: 1 | I47: 1 | J47: 1 | K47: 1 | L47: 1 | M47: 1 | N47: 1 | O47: 1 | P47: 1 | Q47: 1 | R47: 1 | S47: 1 | T47: 1 | U47: 0 | V47: 0 | W47: 0 | X47: 0 | Y47: 0 | Z47: 0 | AA47: 0 | AB47: 0 | AC47: ='12'!I2 -> 0
A48: ='13'!$C$2 -> 13.亜鉛棒 | B48: 0 | C48: 0 | D48: 0 | E48: 0 | F48: 0 | G48: 0 | H48: 0 | I48: 0 | J48: 0 | K48: 0 | L48: 0 | M48: 0 | N48: 0 | O48: 0 | P48: 0 | Q48: 0 | R48: 0 | S48: 0 | T48: 0 | U48: 0 | V48: 0 | W48: 0 | X48: 0 | Y48: 0 | Z48: 0 | AA48: 0 | AB48: 0 | AC48: ='13'!I2 -> 0
A49: ='14'!C2 -> 14.メタル | B49: 1 | C49: 1 | D49: 1 | E49: 1 | F49: 1 | G49: 1 | H49: 1 | I49: 1 | J49: 1 | K49: 1 | L49: 1 | M49: 1 | N49: 1 | O49: 1 | P49: 1 | Q49: 1 | R49: 1 | S49: 1 | T49: 1 | U49: 1 | V49: 1 | W49: 1 | X49: 1 | Y49: 1 | Z49: 1 | AA49: 1 | AB49: 1 | AC49: ='14'!I2 -> 1
A50: ='15'!$C$2 -> 15.ポンプ | B50: 0 | C50: 0 | D50: 0 | E50: 0 | F50: 0 | G50: 0 | H50: 0 | I50: 0 | J50: 0 | K50: 0 | L50: 0 | M50: 0 | N50: 0 | O50: 0 | P50: 0 | Q50: 0 | R50: 0 | S50: 0 | T50: 0 | U50: 0 | V50: 0 | W50: 0 | X50: 0 | Y50: 0 | Z50: 0 | AA50: 0 | AB50: 0 | AC50: ='15'!I2 -> 0
A51: ='16'!$C$2 -> 16.ペラ亜鉛 | B51: 3 | C51: 3 | D51: 5 | E51: 5 | F51: 6 | G51: 4 | H51: 4 | I51: 5 | J51: 5 | K51: 5 | L51: 3 | M51: 2 | N51: 2 | O51: 2 | P51: 2 | Q51: 2 | R51: 2 | S51: 2 | T51: 2 | U51: 2 | V51: 1 | W51: 1 | X51: 1 | Y51: 1 | Z51: 1 | AA51: 1 | AB51: 1 | AC51: ='16'!I2 -> 1
A52: ='17'!C2 -> 17.亜鉛板 | B52: 0 | C52: 0 | D52: 0 | E52: 0 | F52: 0 | G52: 0 | H52: 0 | I52: 0 | J52: 0 | K52: 0 | L52: 0 | M52: 0 | N52: 0 | O52: 0 | P52: 0 | Q52: 0 | R52: 0 | S52: 0 | T52: 0 | U52: 0 | V52: 0 | W52: 0 | X52: 0 | Y52: 0 | Z52: 0 | AA52: 0 | AB52: 0 | AC52: ='17'!I2 -> 0
A53: ='18'!$C$2 -> 18.ドラム | B53: 0 | C53: 0 | D53: 0 | E53: 0 | F53: 0 | G53: 0 | H53: 0 | I53: 0 | J53: 0 | K53: 0 | L53: 0 | M53: 0 | N53: 0 | O53: 0 | P53: 0 | Q53: 0 | R53: 0 | S53: 0 | T53: 0 | U53: 0 | V53: 0 | W53: 0 | X53: 0 | Y53: 0 | Z53: 0 | AA53: 0 | AB53: 0 | AC53: ='18'!I2 -> 0
A54: ='2'!C2 -> 2.ﾕﾆﾊﾞｰｻﾙ | B54: 1 | C54: 1 | D54: 1 | E54: 2 | F54: 2 | G54: 0 | H54: 0 | I54: 0 | J54: 0 | K54: 0 | L54: 0 | M54: 0 | N54: 0 | O54: 0 | P54: 0 | Q54: 0 | R54: 0 | S54: 0 | T54: 0 | U54: 0 | V54: 0 | W54: 0 | X54: 0 | Y54: 0 | Z54: 0 | AA54: 0 | AB54: 0 | AC54: ='2'!I2 -> 0
A55: ='3'!C2 -> 3.スタン | B55: 1 | C55: 1 | D55: 2 | E55: 2 | F55: 3 | G55: 3 | H55: 3 | I55: 2 | J55: 2 | K55: 2 | L55: 1 | M55: 1 | N55: 1 | O55: 1 | P55: 0 | Q55: 0 | R55: 0 | S55: 0 | T55: 0 | U55: 0 | V55: 0 | W55: 0 | X55: 0 | Y55: 0 | Z55: 0 | AA55: 0 | AB55: 0 | AC55: ='3'!I2 -> 2
A56: ='4'!C2 -> 4.キングストン | B56: 0 | C56: 0 | D56: 0 | E56: 0 | F56: 0 | G56: 0 | H56: 0 | I56: 0 | J56: 0 | K56: 0 | L56: 0 | M56: 0 | N56: 0 | O56: 0 | P56: 0 | Q56: 0 | R56: 0 | S56: 0 | T56: 0 | U56: 0 | V56: 0 | W56: 0 | X56: 0 | Y56: 0 | Z56: 0 | AA56: 0 | AB56: 0 | AC56: ='4'!I2 -> 0
A57: ='5'!$C$2 -> 5.シール類 | B57: 0 | C57: 0 | D57: 0 | E57: 0 | F57: 0 | G57: 0 | H57: 0 | I57: 0 | J57: 0 | K57: 0 | L57: 0 | M57: 0 | N57: 0 | O57: 0 | P57: 0 | Q57: 0 | R57: 0 | S57: 0 | T57: 0 | U57: 0 | V57: 0 | W57: 0 | X57: 0 | Y57: 0 | Z57: 0 | AA57: 0 | AB57: 0 | AC57: ='5'!I2 -> 0
A58: ='6'!C2 -> 6.海水コシ器 | B58: 1 | C58: 1 | D58: 1 | E58: 1 | F58: 3 | G58: 3 | H58: 4 | I58: 4 | J58: 4 | K58: 4 | L58: 2 | M58: 2 | N58: 2 | O58: 1 | P58: 1 | Q58: 1 | R58: 1 | S58: 1 | T58: 1 | U58: 1 | V58: 1 | W58: 1 | X58: 1 | Y58: 2 | Z58: 1 | AA58: 1 | AB58: 1 | AC58: ='6'!I2 -> 0
A59: ='7'!$C$2 -> 7.ペラナット | B59: 0 | C59: 0 | D59: 0 | E59: 0 | F59: 0 | G59: 0 | H59: 0 | I59: 0 | J59: 0 | K59: 0 | L59: 0 | M59: 0 | N59: 0 | O59: 0 | P59: 0 | Q59: 0 | R59: 0 | S59: 0 | T59: 0 | U59: 0 | V59: 0 | W59: 0 | X59: 0 | Y59: 0 | Z59: 0 | AA59: 0 | AB59: 0 | AC59: ='7'!I2 -> 0
A60: ='8'!$C$2 -> 8.ホース類 | B60: 0 | C60: 0 | D60: 0 | E60: 0 | F60: 0 | G60: 0 | H60: 0 | I60: 0 | J60: 0 | K60: 0 | L60: 0 | M60: 0 | N60: 0 | O60: 0 | P60: 0 | Q60: 0 | R60: 0 | S60: 0 | T60: 0 | U60: 0 | V60: 0 | W60: 0 | X60: 0 | Y60: 0 | Z60: 0 | AA60: 0 | AB60: 0 | AC60: ='8'!I2 -> 0
A61: ='9'!C2 -> 9.シールリング | B61: 0 | C61: 0 | D61: 0 | E61: 0 | F61: 0 | G61: 0 | H61: 0 | I61: 0 | J61: 0 | K61: 0 | L61: 0 | M61: 0 | N61: 0 | O61: 0 | P61: 0 | Q61: 0 | R61: 0 | S61: 0 | T61: 0 | U61: 0 | V61: 0 | W61: 0 | X61: 0 | Y61: 0 | Z61: 0 | AA61: 0 | AB61: 0 | AC61: ='9'!I2 -> 0

Sheet 発注点割れ
B41: 46246 | C41: 46251 | D41: 46252 | E41: 46253 | F41: 46254 | G41: 46255 | H41: 46258 | I41: 46259 | J41: 46260 | K41: 46261 | L41: 46262 | M41: 46265 | N41: 46266 | O41: 46267 | P41: 46268 | Q41: 46269 | R41: 46272 | S41: 46273 | T41: 46274 | U41: 46275 | V41: 46276 | W41: 46279 | X41: 46280 | Y41: 46281 | Z41: 46282 | AA41: 46283 | AB41: 46289 | AC41: 46290 | AD41: 46293 | AE41: =TODAY()-AE64 -> 46293
A42: 合計 | B42: =(MAX($B43:$AE43)+MIN($B43:$AE43))/2 -> 116.5 | C42: =(MAX($B43:$AE43)+MIN($B43:$AE43))/2 -> 116.5 | D42: =(MAX($B43:$AE43)+MIN($B43:$AE43))/2 -> 116.5 | E42: =(MAX($B43:$AE43)+MIN($B43:$AE43))/2 -> 116.5 | F42: =(MAX($B43:$AE43)+MIN($B43:$AE43))/2 -> 116.5 | G42: =(MAX($B43:$AE43)+MIN($B43:$AE43))/2 -> 116.5 | H42: =(MAX($B43:$AE43)+MIN($B43:$AE43))/2 -> 116.5 | I42: =(MAX($B43:$AE43)+MIN($B43:$AE43))/2 -> 116.5 | ... AE42: =(MAX($B43:$AE43)+MIN($B43:$AE43))/2 -> 116.5 | AF42: 0.22
A43: 目標 | B43: =SUM(B44:B61) -> 110 | C43: =SUM(C44:C61) -> 106 | D43: =SUM(D44:D61) -> 111 | E43: =SUM(E44:E61) -> 112 | F43: =SUM(F44:F61) -> 117 | G43: =SUM(G44:G61) -> 122 | H43: =SUM(H44:H61) -> 127 | I43: =SUM(I44:I61) -> 119 | ... AE43: =SUM(AE44:AE61) -> 108
A44: ='16'!C2 -> 16.ペラ亜鉛 | B44: 28 | C44: 27 | D44: 28 | E44: 28 | F44: 32 | G44: 32 | H44: 33 | I44: 29 | J44: 29 | K44: 29 | L44: 29 | M44: 30 | N44: 26 | O44: 26 | P44: 26 | Q44: 26 | R44: 27 | S44: 25 | T44: 26 | U44: 26 | V44: 26 | W44: 26 | X44: 21 | Y44: 21 | Z44: 26 | AA44: 24 | AB44: 24 | AC44: 20 | AD44: 20 | AE44: ='16'!G2 -> 21
A45: ='3'!C2 -> 3.スタン | B45: 12 | C45: 11 | D45: 12 | E45: 12 | F45: 14 | G45: 13 | H45: 13 | I45: 15 | J45: 15 | K45: 14 | L45: 15 | M45: 16 | N45: 17 | O45: 17 | P45: 17 | Q45: 14 | R45: 13 | S45: 13 | T45: 12 | U45: 12 | V45: 12 | W45: 13 | X45: 13 | Y45: 13 | Z45: 15 | AA45: 12 | AB45: 12 | AC45: 13 | AD45: 13 | AE45: ='3'!G2 -> 15
A46: ='17'!C2 -> 17.亜鉛板 | B46: 7 | C46: 8 | D46: 8 | E46: 8 | F46: 6 | G46: 5 | H46: 6 | I46: 6 | J46: 7 | K46: 7 | L46: 7 | M46: 7 | N46: 7 | O46: 7 | P46: 7 | Q46: 7 | R46: 9 | S46: 9 | T46: 8 | U46: 8 | V46: 8 | W46: 8 | X46: 8 | Y46: 8 | Z46: 6 | AA46: 8 | AB46: 8 | AC46: 8 | AD46: 8 | AE46: ='17'!G2 -> 6
A47: ='4'!C2 -> 4.キングストン | B47: 9 | C47: 9 | D47: 9 | E47: 9 | F47: 9 | G47: 9 | H47: 9 | I47: 9 | J47: 9 | K47: 9 | L47: 9 | M47: 10 | N47: 10 | O47: 10 | P47: 10 | Q47: 10 | R47: 10 | S47: 10 | T47: 10 | U47: 9 | V47: 9 | W47: 9 | X47: 9 | Y47: 10 | Z47: 11 | AA47: 11 | AB47: 11 | AC47: 12 | AD47: 10 | AE47: ='4'!G2 -> 10
A48: ='12'!C2 -> 12.バルブ類 | B48: 2 | C48: 2 | D48: 2 | E48: 2 | F48: 2 | G48: 2 | H48: 2 | I48: 2 | J48: 2 | K48: 2 | L48: 2 | M48: 2 | N48: 2 | O48: 2 | P48: 2 | Q48: 2 | R48: 2 | S48: 2 | T48: 2 | U48: 2 | V48: 2 | W48: 2 | X48: 2 | Y48: 2 | Z48: 2 | AA48: 2 | AB48: 2 | AC48: 2 | AD48: 2 | AE48: ='12'!G2 -> 2
A49: ='6'!C2 -> 6.海水コシ器 | B49: 12 | C49: 12 | D49: 12 | E49: 12 | F49: 12 | G49: 13 | H49: 14 | I49: 14 | J49: 14 | K49: 13 | L49: 13 | M49: 14 | N49: 12 | O49: 12 | P49: 12 | Q49: 10 | R49: 12 | S49: 13 | T49: 14 | U49: 13 | V49: 13 | W49: 13 | X49: 14 | Y49: 14 | Z49: 15 | AA49: 15 | AB49: 16 | AC49: 15 | AD49: 14 | AE49: ='6'!G2 -> 13
A50: ='11'!C2 -> 11.シール類 | B50: 7 | C50: 6 | D50: 6 | E50: 6 | F50: 6 | G50: 9 | H50: 9 | I50: 9 | J50: 9 | K50: 9 | L50: 10 | M50: 10 | N50: 10 | O50: 10 | P50: 10 | Q50: 10 | R50: 10 | S50: 8 | T50: 8 | U50: 8 | V50: 8 | W50: 8 | X50: 8 | Y50: 8 | Z50: 8 | AA50: 8 | AB50: 8 | AC50: 8 | AD50: 8 | AE50: ='11'!G2 -> 7
A51: ='8'!C2 -> 8.ホース類 | B51: 5 | C51: 5 | D51: 7 | E51: 7 | F51: 7 | G51: 7 | H51: 7 | I51: 7 | J51: 7 | K51: 7 | L51: 7 | M51: 7 | N51: 6 | O51: 7 | P51: 7 | Q51: 6 | R51: 6 | S51: 6 | T51: 5 | U51: 5 | V51: 5 | W51: 5 | X51: 4 | Y51: 4 | Z51: 4 | AA51: 4 | AB51: 4 | AC51: 5 | AD51: 6 | AE51: ='8'!G2 -> 5
A52: ='10'!C2 -> 10.ミキシング | B52: 4 | C52: 4 | D52: 4 | E52: 4 | F52: 4 | G52: 5 | H52: 5 | I52: 6 | J52: 6 | K52: 6 | L52: 5 | M52: 5 | N52: 5 | O52: 5 | P52: 5 | Q52: 4 | R52: 4 | S52: 4 | T52: 4 | U52: 5 | V52: 5 | W52: 5 | X52: 5 | Y52: 6 | Z52: 6 | AA52: 6 | AB52: 6 | AC52: 6 | AD52: 6 | AE52: ='10'!G2 -> 6
A53: ='9'!C2 -> 9.シールリング | B53: 4 | C53: 4 | D53: 4 | E53: 5 | F53: 5 | G53: 5 | H53: 6 | I53: 4 | J53: 3 | K53: 3 | L53: 3 | M53: 3 | N53: 4 | O53: 5 | P53: 6 | Q53: 6 | R53: 6 | S53: 3 | T53: 4 | U53: 4 | V53: 4 | W53: 4 | X53: 4 | Y53: 3 | Z53: 5 | AA53: 5 | AB53: 5 | AC53: 5 | AD53: 5 | AE53: ='9'!G2 -> 5
A54: ='7'!C2 -> 7.ペラナット | B54: 4 | C54: 4 | D54: 4 | E54: 4 | F54: 4 | G54: 4 | H54: 4 | I54: 4 | J54: 4 | K54: 4 | L54: 3 | M54: 3 | N54: 3 | O54: 3 | P54: 3 | Q54: 3 | R54: 3 | S54: 3 | T54: 3 | U54: 3 | V54: 3 | W54: 3 | X54: 3 | Y54: 3 | Z54: 3 | AA54: 3 | AB54: 3 | AC54: 3 | AD54: 3 | AE54: ='7'!G2 -> 3
A55: ='2'!C2 -> 2.ﾕﾆﾊﾞｰｻﾙ | B55: 3 | C55: 3 | D55: 3 | E55: 3 | F55: 3 | G55: 4 | H55: 4 | I55: 1 | J55: 1 | K55: 0 | L55: 0 | M55: 0 | N55: 0 | O55: 0 | P55: 0 | Q55: 0 | R55: 0 | S55: 0 | T55: 0 | U55: 0 | V55: 1 | W55: 1 | X55: 1 | Y55: 1 | Z55: 1 | AA55: 1 | AB55: 1 | AC55: 1 | AD55: 1 | AE55: ='2'!G2 -> 1
A56: ='13'!C2 -> 13.亜鉛棒 | B56: 4 | C56: 4 | D56: 4 | E56: 4 | F56: 5 | G56: 5 | H56: 6 | I56: 6 | J56: 6 | K56: 6 | L56: 7 | M56: 7 | N56: 7 | O56: 7 | P56: 7 | Q56: 7 | R56: 7 | S56: 7 | T56: 7 | U56: 7 | V56: 7 | W56: 7 | X56: 7 | Y56: 6 | Z56: 6 | AA56: 6 | AB56: 6 | AC56: 6 | AD56: 7 | AE56: ='13'!G2 -> 8
A57: ='5'!C2 -> 5.シール類 | B57: 3 | C57: 1 | D57: 2 | E57: 2 | F57: 2 | G57: 3 | H57: 3 | I57: 1 | J57: 2 | K57: 2 | L57: 2 | M57: 2 | N57: 2 | O57: 2 | P57: 2 | Q57: 2 | R57: 3 | S57: 2 | T57: 3 | U57: 4 | V57: 4 | W57: 4 | X57: 4 | Y57: 3 | Z57: 3 | AA57: 3 | AB57: 3 | AC57: 2 | AD57: 2 | AE57: ='5'!G2 -> 2
A58: ='18'!C2 -> 18.ドラム | B58: 0 | C58: 0 | D58: 0 | E58: 0 | F58: 0 | G58: 0 | H58: 0 | I58: 0 | J58: 0 | K58: 0 | L58: 0 | M58: 0 | N58: 0 | O58: 0 | P58: 0 | Q58: 0 | R58: 0 | S58: 0 | T58: 0 | U58: 0 | V58: 0 | W58: 0 | X58: 0 | Y58: 0 | Z58: 0 | AA58: 0 | AB58: 0 | AC58: 0 | AD58: 0 | AE58: ='18'!G2 -> 0
A59: ='14'!C2 -> 14.メタル | B59: 4 | C59: 4 | D59: 4 | E59: 4 | F59: 4 | G59: 4 | H59: 4 | I59: 4 | J59: 4 | K59: 4 | L59: 4 | M59: 4 | N59: 4 | O59: 4 | P59: 4 | Q59: 4 | R59: 4 | S59: 4 | T59: 4 | U59: 4 | V59: 4 | W59: 4 | X59: 4 | Y59: 4 | Z59: 4 | AA59: 4 | AB59: 4 | AC59: 3 | AD59: 3 | AE59: ='14'!G2 -> 3
A60: ='15'!C2 -> 15.ポンプ | B60: 1 | C60: 1 | D60: 1 | E60: 1 | F60: 1 | G60: 1 | H60: 1 | I60: 1 | J60: 1 | K60: 1 | L60: 1 | M60: 1 | N60: 1 | O60: 1 | P60: 1 | Q60: 1 | R60: 1 | S60: 1 | T60: 1 | U60: 1 | V60: 1 | W60: 1 | X60: 1 | Y60: 1 | Z60: 1 | AA60: 1 | AB60: 1 | AC60: 1 | AD60: 1 | AE60: ='15'!G2 -> 1
A61: ='1'!C2 -> 1.その他 | B61: 1 | C61: 1 | D61: 1 | E61: 1 | F61: 1 | G61: 1 | H61: 1 | I61: 1 | J61: 1 | K61: 1 | L61: 1 | M61: 1 | N61: 1 | O61: 1 | P61: 1 | Q61: 0 | R61: 0 | S61: 0 | T61: 0 | U61: 0 | V61: 0 | W61: 0 | X61: 0 | Y61: 0 | Z61: 0 | AA61: 0 | AB61: 0 | AC61: 0 | AD61: 0 | AE61: ='1'!G2 -> 0
AE64: 0

Sheet バーコード貼付
A1: 商品コード | B1: 商品名 | C1: 在庫数 | D1: 発注点
A3: 0500FG | B3: 500FGﾚｲｺｰ燃料ﾌｨﾙﾀｰｾｯﾄ品 | C3: 0 | D3: 10
A4: 0900FH | B4: 0900FHﾚｲｺｰ燃料ﾌｨﾙﾀｰｾｯﾄ品 | C4: 20 | D4: 8
A5: 1000FH | B5: 1000FHﾚｲｺｰ燃料ﾌｨﾙﾀｰｾｯﾄ品 | C5: 0 | D5: 12
A6: 1FB33005 | B6: BCS180*120給水Wｽﾀﾝ後部用筒のみ | C6: 5 | D6: 2
A7: 1FB33006 | B7: BCS180*120前金具給水 | C7: 6 | D7: 1
A8: 1FB33007 | B8: BCS180*115前金具給水 | C8: 1 | D8: 0
A9: 1FB33008 | B9: BCS180*115後金具給水 | C9: 1 | D9: 0
A10: 1FC53002 | B10: BCS170*20TWｽﾀﾝ用丸座金 | C10: 4 | D10: 1
A11: 1FC54002 | B11: BCS77*42ﾊﾟｯｷﾝｸﾞﾗﾝﾄﾞ | C11: 77 | D11: 1
A12: 1FC54003 | B12: BCS96*48ﾊﾟｯｷﾝｸﾞﾗﾝﾄﾞ | C12: 7 | D12: 1
A13: 1FC54004 | B13: BCS110*55ﾊﾟｯｷﾝｸﾞﾗﾝﾄﾞ | C13: 18 | D13: 1
A14: 1FC54005 | B14: BCS120*65ﾊﾟｯｷﾝｸﾞﾗﾝﾄﾞ | C14: 11 | D14: 1
... A53: 80SPH76 | B53: 80SPH(ﾎｰｽ径76)ﾌﾗﾝｼﾞ型ﾎｰｽ海水こし器 | C53: 16 | D53: 36
A54: 8808454 | B54: 8808454亜鉛棒(ﾌﾟﾗｸﾞ付)21φｘ50ｘ77 | C54: 0 | D54: 0
A55: A070R | B55: A-70ｱﾙﾐｶﾞｲﾄﾞﾛｰﾗｰ用ﾛｰﾗｰ | C55: 71 | D55: 0
A56: A090 | B56: A-90ｱﾙﾐｶﾞｲﾄﾞﾛｰﾗｰ | C56: 6 | D56: 0
A57: A090R | B57: A-90ｱﾙﾐｶﾞｲﾄﾞﾛｰﾗｰ用ﾛｰﾗｰ | C57: 18 | D57: 0
A58: A140R | B58: A-140ｱﾙﾐｶﾞｲﾄﾞﾛｰﾗｰ用ﾛｰﾗｰ | C58: 34 | D58: 0
A59: A2K09 | B59: BS3/8ｴｱｰ2方ｺｯｸ | C59: 3 | D59: 1
A60: A31509 | B60: A31509日発用ｸﾗﾝﾌﾟ | C60: 57 | D60: 30
A61: A31538 | B61: A31538日発用ｼﾑ | C61: 62 | D61: 30
A62: A3M015N | B62: (N付)80Rｹｰﾌﾞﾙﾜｲﾔｰ1.5mS-75 | C62: 28 | D62: 2
A63: A3M020N | B63: (N付)80Rｹｰﾌﾞﾙﾜｲﾔｰ2mS-75 | C63: 12 | D63: 3
A64: A3M025N | B64: (N付)80Rｹｰﾌﾞﾙﾜｲﾔｰ2.5mS-75 | C64: 27 | D64: 4
A65: A3M030N | B65: (N付)80Rｹｰﾌﾞﾙﾜｲﾔｰ3mS-75 | C65: 7 | D65: 3
A66: A3M035N | B66: (N付)80Rｹｰﾌﾞﾙﾜｲﾔｰ3.5mS-75 | C66: 26 | D66: 3
... A7422: ZO8A | B7422: Z8-A亜鉛棒17φｘ60ｘ72ｘ84 | C7422: 0 | D7422: 500

Sheet 1
F1: =TODAY()-90 -> 46203
A2: 番号 | B2: コード | C2: 1.その他 | D2: 在庫数 | E2: 発注点 | F2: 発注点割れ | G2: =SUM(G3:G7) -> 0 | H2: 在庫欠品 | I2: =SUM(I3:I7) -> 0 | P2: =P1+1 -> 1
A3: 1 | B3: NAF04065 | C3: =VLOOKUP(B3,バーコード貼付!$A$1:$D$4652,2,FALSE) -> BC5K-65ﾈｼﾞ込合ﾌﾗﾝｼﾞ | D3: =VLOOKUP(B3,バーコード貼付!$A$1:$D$4652,3,FALSE) -> 51 | E3: 7 | G3: =IF(D3-E3>=0,0,1) -> 0 | I3: =IF(AND(D3<=0,D3-E3<0),1,0) -> 0 | O3: =E3-D3 -> -44
A4: 2 | B4: NAF04032 | C4: =VLOOKUP(B4,バーコード貼付!$A$1:$D$4652,2,FALSE) -> BC5K-32ﾈｼﾞ込合ﾌﾗﾝｼﾞ | D4: =VLOOKUP(B4,バーコード貼付!$A$1:$D$4652,3,FALSE) -> 60 | E4: 7 | G4: =IF(D4-E4>=0,0,1) -> 0 | I4: =IF(AND(D4<=0,D4-E4<0),1,0) -> 0 | O4: =E4-D4 -> -53
A5: 3 | B5: FRM04025 | C5: =VLOOKUP(B5,バーコード貼付!$A$1:$D$4652,2,FALSE) -> BC5K-25閉止ﾌﾗﾝｼﾞ直径95 | D5: =VLOOKUP(B5,バーコード貼付!$A$1:$D$4652,3,FALSE) -> 33 | E5: 3 | G5: =IF(D5-E5>=0,0,1) -> 0 | I5: =IF(AND(D5<=0,D5-E5<0),1,0) -> 0
A6: 4 | B6: NAF04020 | C6: =VLOOKUP(B6,バーコード貼付!$A$1:$D$4652,2,FALSE) -> BC5K-20ﾈｼﾞ込合ﾌﾗﾝｼﾞ | D6: =VLOOKUP(B6,バーコード貼付!$A$1:$D$4652,3,FALSE) -> 60 | E6: =VLOOKUP(B6,バーコード貼付!$A$1:$D$4652,4,FALSE) -> 10 | G6: =IF(D6-E6>=0,0,1) -> 0 | I6: =IF(AND(D6<=0,D6-E6<0),1,0) -> 0
A7: 5 | B7: NAF04025 | C7: =VLOOKUP(B7,バーコード貼付!$A$1:$D$4652,2,FALSE) -> BC5K-25ﾈｼﾞ込合ﾌﾗﾝｼﾞ | D7: =VLOOKUP(B7,バーコード貼付!$A$1:$D$4652,3,FALSE) -> 84 | E7: =VLOOKUP(B7,バーコード貼付!$A$1:$D$4652,4,FALSE) -> 10 | G7: =IF(D7-E7>=0,0,1) -> 0 | I7: =IF(AND(D7<=0,D7-E7<0),1,0) -> 0
A8: =A7+1 -> 6

Sheet 2
F1: =TODAY()-90 -> 46203
A2: 番号 | B2: コード | C2: 2.ﾕﾆﾊﾞｰｻﾙ | D2: 在庫数 | E2: 発注点 | F2: 発注点割れ | G2: =SUM(G3:G128) -> 1 | H2: 在庫欠品 | I2: =SUM(I3:I128) -> 0 | P2: =P1+1 -> 1
A3: 1 | B3: CHR03060 | C3: =VLOOKUP(B3,バーコード貼付!$A$1:$D$4652,2,FALSE) -> ﾕﾆ主軸ﾋﾟﾝ用廻り止ﾎﾞﾙﾄ60~75M10*15 | D3: =VLOOKUP(B3,バーコード貼付!$A$1:$D$4652,3,FALSE) -> 1719 | E3: 1723 | F3: 46275 | G3: =IF(D3-E3>=0,0,1) -> 1 | I3: =IF(AND(D3<=0,D3-E3<0),1,0) -> 0 | O3: =E3-D3 -> 4
A4: 2 | B4: CHN06060 | C4: =VLOOKUP(B4,バーコード貼付!$A$1:$D$4652,2,FALSE) -> 真鍮60ﾕﾆﾊﾞｰｻﾙ用主軸ﾋﾟﾝN付銅線付 | D4: =VLOOKUP(B4,バーコード貼付!$A$1:$D$4652,3,FALSE) -> 4 | E4: 1 | G4: =IF(D4-E4>=0,0,1) -> 0 | I4: =IF(AND(D4<=0,D4-E4<0),1,0) -> 0 | O4: =E4-D4 -> -3
A5: 3 | B5: CHP04048 | C5: =VLOOKUP(B5,バーコード貼付!$A$1:$D$4652,2,FALSE) -> BC48~50ﾕﾆﾊﾞｰｻﾙ用ｺﾏ巾73 | D5: =VLOOKUP(B5,バーコード貼付!$A$1:$D$4652,3,FALSE) -> 3 | E5: 3 | G5: =IF(D5-E5>=0,0,1) -> 0 | I5: =IF(AND(D5<=0,D5-E5<0),1,0) -> 0 | O5: =E5-D5 -> 0
A6: 4 | B6: CHR03030 | C6: =VLOOKUP(B6,バーコード貼付!$A$1:$D$4652,2,FALSE) -> ﾕﾆ主軸ﾋﾟﾝ用廻り止ﾎﾞﾙﾄ30~40M6*6 | D6: =VLOOKUP(B6,バーコード貼付!$A$1:$D$4652,3,FALSE) -> 128 | E6: 4 | G6: =IF(D6-E6>=0,0,1) -> 0 | I6: =IF(AND(D6<=0,D6-E6<0),1,0) -> 0 | O6: =E6-D6 -> -124
A7: 5 | B7: CHP04030 | C7: =VLOOKUP(B7,バーコード貼付!$A$1:$D$4652,2,FALSE) -> BC30~32ﾕﾆﾊﾞｰｻﾙ用ｺﾏ巾46 | D7: =VLOOKUP(B7,バーコード貼付!$A$1:$D$4652,3,FALSE) -> 73 | E7: =VLOOKUP(B7,バーコード貼付!$A$1:$D$4652,4,FALSE) -> 5 | G7: =IF(D7-E7>=0,0,1) -> 0 | I7: =IF(AND(D7<=0,D7-E7<0),1,0) -> 0 | O7: =E7-D7 -> -68
A8: 6 | B8: CHR03022 | C8: =VLOOKUP(B8,バーコード貼付!$A$1:$D$4652,2,FALSE) -> ﾕﾆ主軸ﾋﾟﾝ用廻り止ﾎﾞﾙﾄ22~28M5*6 | D8: =VLOOKUP(B8,バーコード貼付!$A$1:$D$4652,3,FALSE) -> 1440 | E8: 3 | G8: =IF(D8-E8>=0,0,1) -> 0 | I8: =IF(AND(D8<=0,D8-E8<0),1,0) -> 0 | O8: =E8-D8 -> -1437
A9: 7 | B9: CHR03042 | C9: =VLOOKUP(B9,バーコード貼付!$A$1:$D$4652,2,FALSE) -> ﾕﾆ主軸ﾋﾟﾝ用廻り止ﾎﾞﾙﾄ42~55M8*10 | D9: =VLOOKUP(B9,バーコード貼付!$A$1:$D$4652,3,FALSE) -> 214 | E9: 2 | G9: =IF(D9-E9>=0,0,1) -> 0 | I9: =IF(AND(D9<=0,D9-E9<0),1,0) -> 0 | O9: =E9-D9 -> -212
A10: 8 | B10: CHN06034 | C10: =VLOOKUP(B10,バーコード貼付!$A$1:$D$4652,2,FALSE) -> 真鍮34~36ﾕﾆﾊﾞｰｻﾙ用主軸ﾋﾟﾝN付銅線付 | D10: =VLOOKUP(B10,バーコード貼付!$A$1:$D$4652,3,FALSE) -> 201 | E10: 18 | G10: =IF(D10-E10>=0,0,1) -> 0 | I10: =IF(AND(D10<=0,D10-E10<0),1,0) -> 0 | O10: =E10-D10 -> -183
A11: 9 | B11: CHK06038 | C11: =VLOOKUP(B11,バーコード貼付!$A$1:$D$4652,2,FALSE) -> 真鍮38~40ﾕﾆﾊﾞｰｻﾙ用ﾉｯｸﾋﾟﾝ | D11: =VLOOKUP(B11,バーコード貼付!$A$1:$D$4652,3,FALSE) -> 221 | E11: =VLOOKUP(B11,バーコード貼付!$A$1:$D$4652,4,FALSE) -> 20 | G11: =IF(D11-E11>=0,0,1) -> 0 | I11: =IF(AND(D11<=0,D11-E11<0),1,0) -> 0 | O11: =E11-D11 -> -201
A12: 10 | B12: CHN06038 | C12: =VLOOKUP(B12,バーコード貼付!$A$1:$D$4652,2,FALSE) -> 真鍮38~40ﾕﾆﾊﾞｰｻﾙ用主軸ﾋﾟﾝN付銅線付 | D12: =VLOOKUP(B12,バーコード貼付!$A$1:$D$4652,3,FALSE) -> 138 | E12: =VLOOKUP(B12,バーコード貼付!$A$1:$D$4652,4,FALSE) -> 50 | G12: =IF(D12-E12>=0,0,1) -> 0 | I12: =IF(AND(D12<=0,D12-E12<0),1,0) -> 0 | O12: =E12-D12 -> -88
A13: 11 | B13: CHN06042 | C13: =VLOOKUP(B13,バーコード貼付!$A$1:$D$4652,2,FALSE) -> 真鍮42~45ﾕﾆﾊﾞｰｻﾙ用主軸ﾋﾟﾝN付銅線付 | D13: =VLOOKUP(B13,バーコード貼付!$A$1:$D$4652,3,FALSE) -> 153 | E13: =VLOOKUP(B13,バーコード貼付!$A$1:$D$4652,4,FALSE) -> 50 | G13: =IF(D13-E13>=0,0,1) -> 0 | I13: =IF(AND(D13<=0,D13-E13<0),1,0) -> 0 | O13: =E13-D13 -> -103
A14: 12 | B14: CHC06022 | C14: =VLOOKUP(B14,バーコード貼付!$A$1:$D$4652,2,FALSE) -> 真鍮22ﾕﾆﾊﾞｰｻﾙ用主軸ｶｼﾒﾋﾟﾝ | D14: =VLOOKUP(B14,バーコード貼付!$A$1:$D$4652,3,FALSE) -> 760 | E14: =VLOOKUP(B14,バーコード貼付!$A$1:$D$4652,4,FALSE) -> 5 | G14: =IF(D14-E14>=0,0,1) -> 0 | I14: =IF(AND(D14<=0,D14-E14<0),1,0) -> 0 | O14: =E14-D14 -> -755
A15: 13 | B15: CHC06025 | C15: =VLOOKUP(B15,バーコード貼付!$A$1:$D$4652,2,FALSE) -> 真鍮25ﾕﾆﾊﾞｰｻﾙ用主軸ｶｼﾒﾋﾟﾝ | D15: =VLOOKUP(B15,バーコード貼付!$A$1:$D$4652,3,FALSE) -> 630 | E15: =VLOOKUP(B15,バーコード貼付!$A$1:$D$4652,4,FALSE) -> 10 | G15: =IF(D15-E15>=0,0,1) -> 0 | I15: =IF(AND(D15<=0,D15-E15<0),1,0) -> 0 | O15: =E15-D15 -> -620
A16: 14 | B16: CHC06028 | C16: =VLOOKUP(B16,バーコード貼付!$A$1:$D$4652,2,FALSE) -> 真鍮28ﾕﾆﾊﾞｰｻﾙ用主軸ｶｼﾒﾋﾟﾝ | D16: =VLOOKUP(B16,バーコード貼付!$A$1:$D$4652,3,FALSE) -> 932 | E16: =VLOOKUP(B16,バーコード貼付!$A$1:$D$4652,4,FALSE) -> 10 | G16: =IF(D16-E16>=0,0,1) -> 0 | I16: =IF(AND(D16<=0,D16-E16<0),1,0) -> 0 | O16: =E16-D16 -> -922
A17: 15 | B17: CHC06030 | C17: =VLOOKUP(B17,バーコード貼付!$A$1:$D$4652,2,FALSE) -> 真鍮30~32ﾕﾆﾊﾞｰｻﾙ用主軸ｶｼﾒﾋﾟﾝ | D17: =VLOOKUP(B17,バーコード貼付!$A$1:$D$4652,3,FALSE) -> 513 | E17: =VLOOKUP(B17,バーコード貼付!$A$1:$D$4652,4,FALSE) -> 10 | G17: =IF(D17-E17>=0,0,1) -> 0 | I17: =IF(AND(D17<=0,D17-E17<0),1,0) -> 0 | O17: =E17-D17 -> -503
A18: 16 | B18: CHC06034 | C18: =VLOOKUP(B18,バーコード貼付!$A$1:$D$4652,2,FALSE) -> 真鍮34~36ﾕﾆﾊﾞｰｻﾙ用主軸ｶｼﾒﾋﾟﾝ | D18: =VLOOKUP(B18,バーコード貼付!$A$1:$D$4652,3,FALSE) -> 233 | E18: =VLOOKUP(B18,バーコード貼付!$A$1:$D$4652,4,FALSE) -> 10 | G18: =IF(D18-E18>=0,0,1) -> 0 | I18: =IF(AND(D18<=0,D18-E18<0),1,0) -> 0 | O18: =E18-D18 -> -223
A19: 17 | B19: CHC06038 | C19: =VLOOKUP(B19,バーコード貼付!$A$1:$D$4652,2,FALSE) -> 真鍮38~40ﾕﾆﾊﾞｰｻﾙ用主軸ｶｼﾒﾋﾟﾝ | D19: =VLOOKUP(B19,バーコード貼付!$A$1:$D$4652,3,FALSE) -> 140 | E19: =VLOOKUP(B19,バーコード貼付!$A$1:$D$4652,4,FALSE) -> 10 | G19: =IF(D19-E19>=0,0,1) -> 0 | I19: =IF(AND(D19<=0,D19-E19<0),1,0) -> 0 | O19: =E19-D19 -> -130
A20: 18 | B20: CHC06042 | C20: =VLOOKUP(B20,バーコード貼付!$A$1:$D$4652,2,FALSE) -> 真鍮42~45ﾕﾆﾊﾞｰｻﾙ用主軸ｶｼﾒﾋﾟﾝ | D20: =VLOOKUP(B20,バーコード貼付!$A$1:$D$4652,3,FALSE) -> 320 | E20: =VLOOKUP(B20,バーコード貼付!$A$1:$D$4652,4,FALSE) -> 10 | G20: =IF(D20-E20>=0,0,1) -> 0 | I20: =IF(AND(D20<=0,D20-E20<0),1,0) -> 0 | O20: =E20-D20 -> -310
A21: 19 | B21: CHC06048 | C21: =VLOOKUP(B21,バーコード貼付!$A$1:$D$4652,2,FALSE) -> 真鍮48~50ﾕﾆﾊﾞｰｻﾙ用主軸ｶｼﾒﾋﾟﾝ | D21: =VLOOKUP(B21,バーコード貼付!$A$1:$D$4652,3,FALSE) -> 224 | E21: =VLOOKUP(B21,バーコード貼付!$A$1:$D$4652,4,FALSE) -> 10 | G21: =IF(D21-E21>=0,0,1) -> 0 | I21: =IF(AND(D21<=0,D21-E21<0),1,0) -> 0 | O21: =E21-D21 -> -214
A22: 20 | B22: CHC06055 | C22: =VLOOKUP(B22,バーコード貼付!$A$1:$D$4652,2,FALSE) -> 真鍮55ﾕﾆﾊﾞｰｻﾙ用主軸ｶｼﾒﾋﾟﾝ | D22: =VLOOKUP(B22,バーコード貼付!$A$1:$D$4652,3,FALSE) -> 81 | E22: 81 | G22: =IF(D22-E22>=0,0,1) -> 0 | I22: =IF(AND(D22<=0,D22-E22<0),1,0) -> 0 | O22: =E22-D22 -> 0
A23: 21 | B23: CHC06060 | C23: =VLOOKUP(B23,バーコード貼付!$A$1:$D$4652,2,FALSE) -> 真鍮60ﾕﾆﾊﾞｰｻﾙ用主軸ｶｼﾒﾋﾟﾝ | D23: =VLOOKUP(B23,バーコード貼付!$A$1:$D$4652,3,FALSE) -> 191 | E23: =VLOOKUP(B23,バーコード貼付!$A$1:$D$4652,4,FALSE) -> 5 | G23: =IF(D23-E23>=0,0,1) -> 0 | I23: =IF(AND(D23<=0,D23-E23<0),1,0) -> 0 | O23: =E23-D23 -> -186
A24: 22 | B24: CHK06022 | C24: =VLOOKUP(B24,バーコード貼付!$A$1:$D$4652,2,FALSE) -> 真鍮22ﾕﾆﾊﾞｰｻﾙ用ﾉｯｸﾋﾟﾝ | D24: =VLOOKUP(B24,バーコード貼付!$A$1:$D$4652,3,FALSE) -> 384 | E24: =VLOOKUP(B24,バーコード貼付!$A$1:$D$4652,4,FALSE) -> 30 | G24: =IF(D24-E24>=0,0,1) -> 0 | I24: =IF(AND(D24<=0,D24-E24<0),1,0) -> 0 | O24: =E24-D24 -> -354
A25: 23 | B25: CHK06025 | C25: =VLOOKUP(B25,バーコード貼付!$A$1:$D$4652,2,FALSE) -> 真鍮25ﾕﾆﾊﾞｰｻﾙ用ﾉｯｸﾋﾟﾝ | D25: =VLOOKUP(B25,バーコード貼付!$A$1:$D$4652,3,FALSE) -> 151 | E25: =VLOOKUP(B25,バーコード貼付!$A$1:$D$4652,4,FALSE) -> 30 | G25: =IF(D25-E25>=0,0,1) -> 0 | I25: =IF(AND(D25<=0,D25-E25<0),1,0) -> 0 | O25: =E25-D25 -> -121
A26: 24 | B26: CHK06028 | C26: =VLOOKUP(B26,バーコード貼付!$A$1:$D$4652,2,FALSE) -> 真鍮28ﾕﾆﾊﾞｰｻﾙ用ﾉｯｸﾋﾟﾝ | D26: =VLOOKUP(B26,バーコード貼付!$A$1:$D$4652,3,FALSE) -> 81 | E26: =VLOOKUP(B26,バーコード貼付!$A$1:$D$4652,4,FALSE) -> 30 | G26: =IF(D26-E26>=0,0,1) -> 0 | I26: =IF(AND(D26<=0,D26-E26<0),1,0) -> 0 | O26: =E26-D26 -> -51
A27: 25 | B27: CHK06030 | C27: =VLOOKUP(B27,バーコード貼付!$A$1:$D$4652,2,FALSE) -> 真鍮30~32ﾕﾆﾊﾞｰｻﾙ用ﾉｯｸﾋﾟﾝ | D27: =VLOOKUP(B27,バーコード貼付!$A$1:$D$4652,3,FALSE) -> 79 | E27: =VLOOKUP(B27,バーコード貼付!$A$1:$D$4652,4,FALSE) -> 30 | G27: =IF(D27-E27>=0,0,1) -> 0 | I27: =IF(AND(D27<=0,D27-E27<0),1,0) -> 0 | O27: =E27-D27 -> -49
A28: 26 | B28: CHK06034 | C28: =VLOOKUP(B28,バーコード貼付!$A$1:$D$4652,2,FALSE) -> 真鍮34~36ﾕﾆﾊﾞｰｻﾙ用ﾉｯｸﾋﾟﾝ | D28: =VLOOKUP(B28,バーコード貼付!$A$1:$D$4652,3,FALSE) -> 27 | E28: =VLOOKUP(B28,バーコード貼付!$A$1:$D$4652,4,FALSE) -> 15 | G28: =IF(D28-E28>=0,0,1) -> 0 | I28: =IF(AND(D28<=0,D28-E28<0),1,0) -> 0 | O28: =E28-D28 -> -12
A29: 27 | B29: CHK06042 | C29: =VLOOKUP(B29,バーコード貼付!$A$1:$D$4652,2,FALSE) -> 真鍮42~45ﾕﾆﾊﾞｰｻﾙ用ﾉｯｸﾋﾟﾝ | D29: =VLOOKUP(B29,バーコード貼付!$A$1:$D$4652,3,FALSE) -> 64 | E29: =VLOOKUP(B29,バーコード貼付!$A$1:$D$4652,4,FALSE) -> 10 | G29: =IF(D29-E29>=0,0,1) -> 0 | I29: =IF(AND(D29<=0,D29-E29<0),1,0) -> 0 | O29: =E29-D29 -> -54
A30: 28 | B30: CHK06048 | C30: =VLOOKUP(B30,バーコード貼付!$A$1:$D$4652,2,FALSE) -> 真鍮48~50ﾕﾆﾊﾞｰｻﾙ用ﾉｯｸﾋﾟﾝ | D30: =VLOOKUP(B30,バーコード貼付!$A$1:$D$4652,3,FALSE) -> 71 | E30: =VLOOKUP(B30,バーコード貼付!$A$1:$D$4652,4,FALSE) -> 30 | G30: =IF(D30-E30>=0,0,1) -> 0 | I30: =IF(AND(D30<=0,D30-E30<0),1,0) -> 0 | O30: =E30-D30 -> -41
A31: 29 | B31: CHK06055 | C31: =VLOOKUP(B31,バーコード貼付!$A$1:$D$4652,2,FALSE) -> 真鍮55ﾕﾆﾊﾞｰｻﾙ用ﾉｯｸﾋﾟﾝ | D31: =VLOOKUP(B31,バーコード貼付!$A$1:$D$4652,3,FALSE) -> 203 | E31: =VLOOKUP(B31,バーコード貼付!$A$1:$D$4652,4,FALSE) -> 20 | G31: =IF(D31-E31>=0,0,1) -> 0 | I31: =IF(AND(D31<=0,D31-E31<0),1,0) -> 0 | O31: =E31-D31 -> -183
A32: 30 | B32: CHK06060 | C32: =VLOOKUP(B32,バーコード貼付!$A$1:$D$4652,2,FALSE) -> 真鍮60ﾕﾆﾊﾞｰｻﾙ用ﾉｯｸﾋﾟﾝ | D32: =VLOOKUP(B32,バーコード貼付!$A$1:$D$4652,3,FALSE) -> 35 | E32: =VLOOKUP(B32,バーコード貼付!$A$1:$D$4652,4,FALSE) -> 20 | G32: =IF(D32-E32>=0,0,1) -> 0 | I32: =IF(AND(D32<=0,D32-E32<0),1,0) -> 0 | O32: =E32-D32 -> -15
A33: 31 | B33: CHK06065 | C33: =VLOOKUP(B33,バーコード貼付!$A$1:$D$4652,2,FALSE) -> 真鍮65ﾕﾆﾊﾞｰｻﾙ用ﾉｯｸﾋﾟﾝ | D33: =VLOOKUP(B33,バーコード貼付!$A$1:$D$4652,3,FALSE) -> 290 | E33: =VLOOKUP(B33,バーコード貼付!$A$1:$D$4652,4,FALSE) -> 10 | G33: =IF(D33-E33>=0,0,1) -> 0 | I33: =IF(AND(D33<=0,D33-E33<0),1,0) -> 0 | O33: =E33-D33 -> -280
A34: 32 | B34: CHK06070 | C34: =VLOOKUP(B34,バーコード貼付!$A$1:$D$4652,2,FALSE) -> 真鍮70ﾕﾆﾊﾞｰｻﾙ用ﾉｯｸﾋﾟﾝ | D34: =VLOOKUP(B34,バーコード貼付!$A$1:$D$4652,3,FALSE) -> 31 | E34: =VLOOKUP(B34,バーコード貼付!$A$1:$D$4652,4,FALSE) -> 10 | G34: =IF(D34-E34>=0,0,1) -> 0 | I34: =IF(AND(D34<=0,D34-E34<0),1,0) -> 0 | O34: =E34-D34 -> -21
... A37: 35 | B37: CHK06085 | C37: =VLOOKUP(B37,バーコード貼付!$A$1:$D$4652,2,FALSE) -> 真鍮85~90ﾕﾆﾊﾞｰｻﾙ用ﾉｯｸﾋﾟﾝ | D37: =VLOOKUP(B37,バーコード貼付!$A$1:$D$4652,3,FALSE) -> 227 | E37: =VLOOKUP(B37,バーコード貼付!$A$1:$D$4652,4,FALSE) -> 10 | G37: =IF(D37-E37>=0,0,1) -> 0 | I37: =IF(AND(D37<=0,D37-E37<0),1,0) -> 0 | O37: =E37-D37 -> -217
A38: 36 | B38: CHK06090 | C38: =VLOOKUP(B38,バーコード貼付!$A$1:$D$4652,2,FALSE) -> 真鍮90ﾕﾆﾊﾞｰｻﾙ用ﾉｯｸﾋﾟﾝ | D38: =VLOOKUP(B38,バーコード貼付!$A$1:$D$4652,3,FALSE) -> 113 | E38: 113 | G38: =IF(D38-E38>=0,0,1) -> 0 | I38: =IF(AND(D38<=0,D38-E38<0),1,0) -> 0 | O38: =E38-D38 -> 0
A39: 37 | B39: CHK06105 | C39: =VLOOKUP(B39,バーコード貼付!$A$1:$D$4652,2,FALSE) -> 真鍮105ﾕﾆﾊﾞｰｻﾙ用ﾉｯｸﾋﾟﾝ | D39: =VLOOKUP(B39,バーコード貼付!$A$1:$D$4652,3,FALSE) -> 70 | E39: =VLOOKUP(B39,バーコード貼付!$A$1:$D$4652,4,FALSE) -> 5 | G39: =IF(D39-E39>=0,0,1) -> 0 | I39: =IF(AND(D39<=0,D39-E39<0),1,0) -> 0 | O39: =E39-D39 -> -65
A40: 38 | B40: CHN06022 | C40: =VLOOKUP(B40,バーコード貼付!$A$1:$D$4652,2,FALSE) -> 真鍮22ﾕﾆﾊﾞｰｻﾙ用主軸ﾋﾟﾝN付銅線付 | D40: =VLOOKUP(B40,バーコード貼付!$A$1:$D$4652,3,FALSE) -> 707 | E40: =VLOOKUP(B40,バーコード貼付!$A$1:$D$4652,4,FALSE) -> 10 | G40: =IF(D40-E40>=0,0,1) -> 0 | I40: =IF(AND(D40<=0,D40-E40<0),1,0) -> 0 | O40: =E40-D40 -> -697
A41: 39 | B41: CHN06025 | C41: =VLOOKUP(B41,バーコード貼付!$A$1:$D$4652,2,FALSE) -> 真鍮25ﾕﾆﾊﾞｰｻﾙ用主軸ﾋﾟﾝN付銅線付 | D41: =VLOOKUP(B41,バーコード貼付!$A$1:$D$4652,3,FALSE) -> 320 | E41: =VLOOKUP(B41,バーコード貼付!$A$1:$D$4652,4,FALSE) -> 50 | G41: =IF(D41-E41>=0,0,1) -> 0 | I41: =IF(AND(D41<=0,D41-E41<0),1,0) -> 0 | O41: =E41-D41 -> -270
A42: 40 | B42: CHN06028 | C42: =VLOOKUP(B42,バーコード貼付!$A$1:$D$4652,2,FALSE) -> 真鍮28ﾕﾆﾊﾞｰｻﾙ用主軸ﾋﾟﾝN付銅線付 | D42: =VLOOKUP(B42,バーコード貼付!$A$1:$D$4652,3,FALSE) -> 438 | E42: =VLOOKUP(B42,バーコード貼付!$A$1:$D$4652,4,FALSE) -> 20 | G42: =IF(D42-E42>=0,0,1) -> 0 | I42: =IF(AND(D42<=0,D42-E42<0),1,0) -> 0 | O42: =E42-D42 -> -418
A43: 41 | B43: CHN06030 | C43: =VLOOKUP(B43,バーコード貼付!$A$1:$D$4652,2,FALSE) -> 真鍮30~32ﾕﾆﾊﾞｰｻﾙ用主軸ﾋﾟﾝN付銅線付 | D43: =VLOOKUP(B43,バーコード貼付!$A$1:$D$4652,3,FALSE) -> 135 | E43: =VLOOKUP(B43,バーコード貼付!$A$1:$D$4652,4,FALSE) -> 70 | G43: =IF(D43-E43>=0,0,1) -> 0 | I43: =IF(AND(D43<=0,D43-E43<0),1,0) -> 0 | O43: =E43-D43 -> -65
A44: 42 | B44: CHN06048 | C44: =VLOOKUP(B44,バーコード貼付!$A$1:$D$4652,2,FALSE) -> 真鍮48~50ﾕﾆﾊﾞｰｻﾙ用主軸ﾋﾟﾝN付銅線付 | D44: =VLOOKUP(B44,バーコード貼付!$A$1:$D$4652,3,FALSE) -> 155 | E44: =VLOOKUP(B44,バーコード貼付!$A$1:$D$4652,4,FALSE) -> 30 | G44: =IF(D44-E44>=0,0,1) -> 0 | I44: =IF(AND(D44<=0,D44-E44<0),1,0) -> 0 | O44: =E44-D44 -> -125
A45: 43 | B45: CHN06055 | C45: =VLOOKUP(B45,バーコード貼付!$A$1:$D$4652,2,FALSE) -> 真鍮55ﾕﾆﾊﾞｰｻﾙ用主軸ﾋﾟﾝN付銅線付 | D45: =VLOOKUP(B45,バーコード貼付!$A$1:$D$4652,3,FALSE) -> 330 | E45: =VLOOKUP(B45,バーコード貼付!$A$1:$D$4652,4,FALSE) -> 30 | G45: =IF(D45-E45>=0,0,1) -> 0 | I45: =IF(AND(D45<=0,D45-E45<0),1,0) -> 0 | O45: =E45-D45 -> -300
A46: 44 | B46: CHN06065 | C46: =VLOOKUP(B46,バーコード貼付!$A$1:$D$4652,2,FALSE) -> 真鍮65ﾕﾆﾊﾞｰｻﾙ用主軸ﾋﾟﾝN付銅線付 | D46: =VLOOKUP(B46,バーコード貼付!$A$1:$D$4652,3,FALSE) -> 325 | E46: =VLOOKUP(B46,バーコード貼付!$A$1:$D$4652,4,FALSE) -> 10 | G46: =IF(D46-E46>=0,0,1) -> 0 | I46: =IF(AND(D46<=0,D46-E46<0),1,0) -> 0 | O46: =E46-D46 -> -315
A47: 45 | B47: CHN06070 | C47: =VLOOKUP(B47,バーコード貼付!$A$1:$D$4652,2,FALSE) -> 真鍮70ﾕﾆﾊﾞｰｻﾙ用主軸ﾋﾟﾝN付銅線付 | D47: =VLOOKUP(B47,バーコード貼付!$A$1:$D$4652,3,FALSE) -> 103 | E47: =VLOOKUP(B47,バーコード貼付!$A$1:$D$4652,4,FALSE) -> 10 | G47: =IF(D47-E47>=0,0,1) -> 0 | I47: =IF(AND(D47<=0,D47-E47<0),1,0) -> 0 | O47: =E47-D47 -> -93
A48: 46 | B48: CHN06075 | C48: =VLOOKUP(B48,バーコード貼付!$A$1:$D$4652,2,FALSE) -> 真鍮75ﾕﾆﾊﾞｰｻﾙ用主軸ﾋﾟﾝN付銅線付 | D48: =VLOOKUP(B48,バーコード貼付!$A$1:$D$4652,3,FALSE) -> 92 | E48: =VLOOKUP(B48,バーコード貼付!$A$1:$D$4652,4,FALSE) -> 10 | G48: =IF(D48-E48>=0,0,1) -> 0 | I48: =IF(AND(D48<=0,D48-E48<0),1,0) -> 0 | O48: =E48-D48 -> -82
A49: 47 | B49: CHN06080 | C49: =VLOOKUP(B49,バーコード貼付!$A$1:$D$4652,2,FALSE) -> 真鍮80ﾕﾆﾊﾞｰｻﾙ用主軸ﾋﾟﾝN付銅線付 | D49: =VLOOKUP(B49,バーコード貼付!$A$1:$D$4652,3,FALSE) -> 19 | E49: =VLOOKUP(B49,バーコード貼付!$A$1:$D$4652,4,FALSE) -> 10 | G49: =IF(D49-E49>=0,0,1) -> 0 | I49: =IF(AND(D49<=0,D49-E49<0),1,0) -> 0 | O49: =E49-D49 -> -9
A50: 48 | B50: CHN06085 | C50: =VLOOKUP(B50,バーコード貼付!$A$1:$D$4652,2,FALSE) -> 真鍮85~90ﾕﾆﾊﾞｰｻﾙ用主軸ﾋﾟﾝN付銅線付 | D50: =VLOOKUP(B50,バーコード貼付!$A$1:$D$4652,3,FALSE) -> 30 | E50: =VLOOKUP(B50,バーコード貼付!$A$1:$D$4652,4,FALSE) -> 3 | G50: =IF(D50-E50>=0,0,1) -> 0 | I50: =IF(AND(D50<=0,D50-E50<0),1,0) -> 0 | O50: =E50-D50 -> -27
... A72: 70 | B72: CHQ06095 | C72: =VLOOKUP(B72,バーコード貼付!$A$1:$D$4652,2,FALSE) -> 真鍮95~100ﾕﾆﾊﾞｰｻﾙ主軸ﾋﾟﾝ用ﾅｯﾄ | D72: =VLOOKUP(B72,バーコード貼付!$A$1:$D$4652,3,FALSE) -> 47 | E72: =VLOOKUP(B72,バーコード貼付!$A$1:$D$4652,4,FALSE) -> 5 | G72: =IF(D72-E72>=0,0,1) -> 0 | I72: =IF(AND(D72<=0,D72-E72<0),1,0) -> 0 | O72: =E72-D72 -> -42
A73: 71 | B73: CHR03080 | C73: =VLOOKUP(B73,バーコード貼付!$A$1:$D$4652,2,FALSE) -> ﾕﾆ主軸ﾋﾟﾝ用廻り止ﾎﾞﾙﾄ80~105M12*20 | D73: =VLOOKUP(B73,バーコード貼付!$A$1:$D$4652,3,FALSE) -> 1015 | E73: 1015 | G73: =IF(D73-E73>=0,0,1) -> 0 | I73: =IF(AND(D73<=0,D73-E73<0),1,0) -> 0 | O73: =E73-D73 -> 0
B74: CHB04030 | C74: =VLOOKUP(B74,バーコード貼付!$A$1:$D$4652,2,FALSE) -> #N/A | D74: =VLOOKUP(B74,バーコード貼付!$A$1:$D$4652,3,FALSE) -> #N/A
B75: CHB04028 | C75: =VLOOKUP(B75,バーコード貼付!$A$1:$D$4652,2,FALSE) -> #N/A | D75: =VLOOKUP(B75,バーコード貼付!$A$1:$D$4652,3,FALSE) -> #N/A
B76: CHB04038 | C76: =VLOOKUP(B76,バーコード貼付!$A$1:$D$4652,2,FALSE) -> #N/A | D76: =VLOOKUP(B76,バーコード貼付!$A$1:$D$4652,3,FALSE) -> #N/A
B77: CHB04035 | C77: =VLOOKUP(B77,バーコード貼付!$A$1:$D$4652,2,FALSE) -> #N/A | D77: =VLOOKUP(B77,バーコード貼付!$A$1:$D$4652,3,FALSE) -> #N/A
B78: CHB04044 | C78: =VLOOKUP(B78,バーコード貼付!$A$1:$D$4652,2,FALSE) -> #N/A | D78: =VLOOKUP(B78,バーコード貼付!$A$1:$D$4652,3,FALSE) -> #N/A
B79: CHB04034 | C79: =VLOOKUP(B79,バーコード貼付!$A$1:$D$4652,2,FALSE) -> #N/A | D79: =VLOOKUP(B79,バーコード貼付!$A$1:$D$4652,3,FALSE) -> #N/A
B80: CH04035 | C80: =VLOOKUP(B80,バーコード貼付!$A$1:$D$4652,2,FALSE) -> #N/A | D80: =VLOOKUP(B80,バーコード貼付!$A$1:$D$4652,3,FALSE) -> #N/A
B81: CHB04025 | C81: =VLOOKUP(B81,バーコード貼付!$A$1:$D$4652,2,FALSE) -> #N/A | D81: =VLOOKUP(B81,バーコード貼付!$A$1:$D$4652,3,FALSE) -> #N/A
B82: CHB04050 | C82: =VLOOKUP(B82,バーコード貼付!$A$1:$D$4652,2,FALSE) -> #N/A | D82: =VLOOKUP(B82,バーコード貼付!$A$1:$D$4652,3,FALSE) -> #N/A
B83: CHB04060 | C83: =VLOOKUP(B83,バーコード貼付!$A$1:$D$4652,2,FALSE) -> #N/A | D83: =VLOOKUP(B83,バーコード貼付!$A$1:$D$4652,3,FALSE) -> #N/A
B84: CHB04032 | C84: =VLOOKUP(B84,バーコード貼付!$A$1:$D$4652,2,FALSE) -> #N/A | D84: =VLOOKUP(B84,バーコード貼付!$A$1:$D$4652,3,FALSE) -> #N/A
B85: CHB04040 | C85: =VLOOKUP(B85,バーコード貼付!$A$1:$D$4652,2,FALSE) -> #N/A | D85: =VLOOKUP(B85,バーコード貼付!$A$1:$D$4652,3,FALSE) -> #N/A
... B128: CHP05055 | C128: =VLOOKUP(B128,バーコード貼付!$A$1:$D$4652,2,FALSE) -> #N/A | D128: =VLOOKUP(B128,バーコード貼付!$A$1:$D$4652,3,FALSE) -> #N/A

Sheet 3
F1: =TODAY()-90 -> 46203
A2: 番号 | B2: コード | C2: 3.スタン | D2: 在庫数 | E2: 発注点 | F2: 発注点割れ | G2: =SUM(G3:G338) -> 15 | H2: 在庫欠品 | I2: =SUM(I3:I338) -> 2 | P2: =P1+1 -> 1
A3: 1 | B3: UC055 | C3: =VLOOKUP(B3,バーコード貼付!$A$1:$D$4652,2,FALSE) -> 軸55TWｼｰﾙｽﾀﾝ用ｶｰﾎﾞﾝﾌﾞﾗｼ(ｾｯﾄ品) | D3: =VLOOKUP(B3,バーコード貼付!$A$1:$D$4652,3,FALSE) -> 0 | E3: 25 | F3: 46251 | G3: =IF(D3-E3>=0,0,1) -> 1 | H3: 46293 | I3: =IF(AND(D3<=0,D3-E3<0),1,0) -> 1 | O3: =E3-D3 -> 25
A4: 2 | B4: TSP60Y | C4: =VLOOKUP(B4,バーコード貼付!$A$1:$D$4652,2,FALSE) -> TSP60Yｼｰﾙｽﾀﾝ(ﾔﾏﾊ仕様) | D4: =VLOOKUP(B4,バーコード貼付!$A$1:$D$4652,3,FALSE) -> 5 | E4: 6 | F4: 46213 | G4: =IF(D4-E4>=0,0,1) -> 1 | I4: =IF(AND(D4<=0,D4-E4<0),1,0) -> 0 | O4: =E4-D4 -> 1
A5: 3 | B5: CT04060 | C5: =VLOOKUP(B5,バーコード貼付!$A$1:$D$4652,2,FALSE) -> BC60(S96)S型単式ｽﾀﾝL1*250 | D5: =VLOOKUP(B5,バーコード貼付!$A$1:$D$4652,3,FALSE) -> 1 | E5: 2 | F5: 46217 | G5: =IF(D5-E5>=0,0,1) -> 1 | I5: =IF(AND(D5<=0,D5-E5<0),1,0) -> 0 | O5: =E5-D5 -> 1
A6: 4 | B6: TO04075 | C6: =VLOOKUP(B6,バーコード貼付!$A$1:$D$4652,2,FALSE) -> BCS120*75TSS型前部ｽﾀﾝﾎﾞｯｸｽ | D6: =VLOOKUP(B6,バーコード貼付!$A$1:$D$4652,3,FALSE) -> 4 | E6: =VLOOKUP(B6,バーコード貼付!$A$1:$D$4652,4,FALSE) -> 5 | F6: 46237 | G6: =IF(D6-E6>=0,0,1) -> 1 | I6: =IF(AND(D6<=0,D6-E6<0),1,0) -> 0 | O6: =E6-D6 -> 1
A7: 5 | B7: TO04085 | C7: =VLOOKUP(B7,バーコード貼付!$A$1:$D$4652,2,FALSE) -> BCS140*85TSS型前部ｽﾀﾝﾎﾞｯｸｽ | D7: =VLOOKUP(B7,バーコード貼付!$A$1:$D$4652,3,FALSE) -> 3 | E7: =VLOOKUP(B7,バーコード貼付!$A$1:$D$4652,4,FALSE) -> 4 | F7: 46239 | G7: =IF(D7-E7>=0,0,1) -> 1 | I7: =IF(AND(D7<=0,D7-E7<0),1,0) -> 0 | O7: =E7-D7 -> 1
A8: 6 | B8: UC070 | C8: =VLOOKUP(B8,バーコード貼付!$A$1:$D$4652,2,FALSE) -> 軸70TWｼｰﾙｽﾀﾝ用ｶｰﾎﾞﾝﾌﾞﾗｼ(ｾｯﾄ品) | D8: =VLOOKUP(B8,バーコード貼付!$A$1:$D$4652,3,FALSE) -> 16 | E8: 41 | F8: 46240 | G8: =IF(D8-E8>=0,0,1) -> 1 | I8: =IF(AND(D8<=0,D8-E8<0),1,0) -> 0 | O8: =E8-D8 -> 25
A9: 7 | B9: CU04034 | C9: =VLOOKUP(B9,バーコード貼付!$A$1:$D$4652,2,FALSE) -> BC34単式ｽﾀﾝ検査品用L1*172 | D9: =VLOOKUP(B9,バーコード貼付!$A$1:$D$4652,3,FALSE) -> 1 | E9: 2 | F9: 46265 | G9: =IF(D9-E9>=0,0,1) -> 1 | I9: =IF(AND(D9<=0,D9-E9<0),1,0) -> 0 | O9: =E9-D9 -> 1
A10: 8 | B10: TSA070701 | C10: =VLOOKUP(B10,バーコード貼付!$A$1:$D$4652,2,FALSE) -> TSAS110*70ｼｰﾙｱﾀﾞﾌﾟﾀｰ給水用 | D10: =VLOOKUP(B10,バーコード貼付!$A$1:$D$4652,3,FALSE) -> 4 | E10: 5 | F10: 46258 | G10: =IF(D10-E10>=0,0,1) -> 1 | I10: =IF(AND(D10<=0,D10-E10<0),1,0) -> 0 | O10: =E10-D10 -> 1
A11: 9 | B11: TSP55H | C11: =VLOOKUP(B11,バーコード貼付!$A$1:$D$4652,2,FALSE) -> S91*軸55TSP型ｼｰﾙｽﾀﾝ用前部金具 | D11: =VLOOKUP(B11,バーコード貼付!$A$1:$D$4652,3,FALSE) -> 3 | E11: 4 | F11: 46276 | G11: =IF(D11-E11>=0,0,1) -> 1 | I11: =IF(AND(D11<=0,D11-E11<0),1,0) -> 0 | O11: =E11-D11 -> 1
A12: 10 | B12: UC050 | C12: =VLOOKUP(B12,バーコード貼付!$A$1:$D$4652,2,FALSE) -> 軸50TWｼｰﾙｽﾀﾝ用ｶｰﾎﾞﾝﾌﾞﾗｼ(ｾｯﾄ品) | D12: =VLOOKUP(B12,バーコード貼付!$A$1:$D$4652,3,FALSE) -> 26 | E12: =VLOOKUP(B12,バーコード貼付!$A$1:$D$4652,4,FALSE) -> 30 | F12: 46281 | G12: =IF(D12-E12>=0,0,1) -> 1 | I12: =IF(AND(D12<=0,D12-E12<0),1,0) -> 0 | O12: =E12-D12 -> 4
A13: 11 | B13: TSP65Y | C13: =VLOOKUP(B13,バーコード貼付!$A$1:$D$4652,2,FALSE) -> TSP65Yｼｰﾙｽﾀﾝ(ﾔﾏﾊ仕様) | D13: =VLOOKUP(B13,バーコード貼付!$A$1:$D$4652,3,FALSE) -> 5 | E13: 6 | F13: 46281 | G13: =IF(D13-E13>=0,0,1) -> 1 | I13: =IF(AND(D13<=0,D13-E13<0),1,0) -> 0 | O13: =E13-D13 -> 1
A14: 12 | B14: EG0430381 | C14: =VLOOKUP(B14,バーコード貼付!$A$1:$D$4652,2,FALSE) -> BCWF70*38給水用ﾊﾟｯｷﾝｸﾞﾗﾝﾄﾞ | D14: =VLOOKUP(B14,バーコード貼付!$A$1:$D$4652,3,FALSE) -> 49 | E14: 50 | F14: 46281 | G14: =IF(D14-E14>=0,0,1) -> 1 | I14: =IF(AND(D14<=0,D14-E14<0),1,0) -> 0 | O14: =E14-D14 -> 1
A15: 13 | B15: TSA070801 | C15: =VLOOKUP(B15,バーコード貼付!$A$1:$D$4652,2,FALSE) -> TSAS127*80ｼｰﾙｱﾀﾞﾌﾟﾀｰ給水用 | D15: =VLOOKUP(B15,バーコード貼付!$A$1:$D$4652,3,FALSE) -> 1 | E15: 3 | F15: 46289 | G15: =IF(D15-E15>=0,0,1) -> 1 | I15: =IF(AND(D15<=0,D15-E15<0),1,0) -> 0 | O15: =E15-D15 -> 2
A16: 14 | B16: TO04100 | C16: =VLOOKUP(B16,バーコード貼付!$A$1:$D$4652,2,FALSE) -> BCS160*100TSS型前部ｽﾀﾝﾎﾞｯｸｽ | D16: =VLOOKUP(B16,バーコード貼付!$A$1:$D$4652,3,FALSE) -> 0 | E16: 2 | F16: 46293 | G16: =IF(D16-E16>=0,0,1) -> 1 | H16: 46293 | I16: =IF(AND(D16<=0,D16-E16<0),1,0) -> 1 | O16: =E16-D16 -> 2
A17: 15 | B17: CU04060 | C17: =VLOOKUP(B17,バーコード貼付!$A$1:$D$4652,2,FALSE) -> BC60単式ｽﾀﾝ検査品用L1*285 | D17: =VLOOKUP(B17,バーコード貼付!$A$1:$D$4652,3,FALSE) -> 2 | E17: =VLOOKUP(B17,バーコード貼付!$A$1:$D$4652,4,FALSE) -> 3 | F17: 46293 | G17: =IF(D17-E17>=0,0,1) -> 1 | I17: =IF(AND(D17<=0,D17-E17<0),1,0) -> 0 | O17: =E17-D17 -> 1
A18: 16 | B18: TSA070751 | C18: =VLOOKUP(B18,バーコード貼付!$A$1:$D$4652,2,FALSE) -> TSAS120*75ｼｰﾙｱﾀﾞﾌﾟﾀｰ給水用 | D18: =VLOOKUP(B18,バーコード貼付!$A$1:$D$4652,3,FALSE) -> 4 | E18: 2 | G18: =IF(D18-E18>=0,0,1) -> 0 | I18: =IF(AND(D18<=0,D18-E18<0),1,0) -> 0 | O18: =E18-D18 -> -2
A19: 17 | B19: TSP70H | C19: =VLOOKUP(B19,バーコード貼付!$A$1:$D$4652,2,FALSE) -> S111*軸70TSP型ｼｰﾙｽﾀﾝ用前部金具 | D19: =VLOOKUP(B19,バーコード貼付!$A$1:$D$4652,3,FALSE) -> 6 | E19: 5 | G19: =IF(D19-E19>=0,0,1) -> 0 | I19: =IF(AND(D19<=0,D19-E19<0),1,0) -> 0 | O19: =E19-D19 -> -1
A20: 18 | B20: TSP80H | C20: =VLOOKUP(B20,バーコード貼付!$A$1:$D$4652,2,FALSE) -> S129*軸80TSP型ｼｰﾙｽﾀﾝ用前部金具 | D20: =VLOOKUP(B20,バーコード貼付!$A$1:$D$4652,3,FALSE) -> 4 | E20: 4 | G20: =IF(D20-E20>=0,0,1) -> 0 | I20: =IF(AND(D20<=0,D20-E20<0),1,0) -> 0 | O20: =E20-D20 -> 0
A21: 19 | B21: TO04070 | C21: =VLOOKUP(B21,バーコード貼付!$A$1:$D$4652,2,FALSE) -> BCS110*70TSS型前部ｽﾀﾝﾎﾞｯｸｽ | D21: =VLOOKUP(B21,バーコード貼付!$A$1:$D$4652,3,FALSE) -> 6 | E21: 4 | G21: =IF(D21-E21>=0,0,1) -> 0 | I21: =IF(AND(D21<=0,D21-E21<0),1,0) -> 0 | O21: =E21-D21 -> -2
A22: 20 | B22: TO04095 | C22: =VLOOKUP(B22,バーコード貼付!$A$1:$D$4652,2,FALSE) -> BCS150*95TSS型前部ｽﾀﾝﾎﾞｯｸｽ | D22: =VLOOKUP(B22,バーコード貼付!$A$1:$D$4652,3,FALSE) -> 10 | E22: 6 | G22: =IF(D22-E22>=0,0,1) -> 0 | I22: =IF(AND(D22<=0,D22-E22<0),1,0) -> 0 | O22: =E22-D22 -> -4
A23: 21 | B23: TSP65H | C23: =VLOOKUP(B23,バーコード貼付!$A$1:$D$4652,2,FALSE) -> S104*軸65TSP型ｼｰﾙｽﾀﾝ用前部金具 | D23: =VLOOKUP(B23,バーコード貼付!$A$1:$D$4652,3,FALSE) -> 10 | E23: 2 | G23: =IF(D23-E23>=0,0,1) -> 0 | I23: =IF(AND(D23<=0,D23-E23<0),1,0) -> 0 | O23: =E23-D23 -> -8
A24: 22 | B24: TSA070551 | C24: =VLOOKUP(B24,バーコード貼付!$A$1:$D$4652,2,FALSE) -> TSAS96*55ｼｰﾙｱﾀﾞﾌﾟﾀｰ給水用 | D24: =VLOOKUP(B24,バーコード貼付!$A$1:$D$4652,3,FALSE) -> 3 | E24: 3 | G24: =IF(D24-E24>=0,0,1) -> 0 | I24: =IF(AND(D24<=0,D24-E24<0),1,0) -> 0 | O24: =E24-D24 -> 0
A25: 23 | B25: TSA070651 | C25: =VLOOKUP(B25,バーコード貼付!$A$1:$D$4652,2,FALSE) -> TSAS110*65ｼｰﾙｱﾀﾞﾌﾟﾀｰ給水用 | D25: =VLOOKUP(B25,バーコード貼付!$A$1:$D$4652,3,FALSE) -> 4 | E25: 4 | G25: =IF(D25-E25>=0,0,1) -> 0 | I25: =IF(AND(D25<=0,D25-E25<0),1,0) -> 0 | O25: =E25-D25 -> 0
A26: 24 | B26: TSA070451 | C26: =VLOOKUP(B26,バーコード貼付!$A$1:$D$4652,2,FALSE) -> TSAS77*45ｼｰﾙｱﾀﾞﾌﾟﾀｰ給水用 | D26: =VLOOKUP(B26,バーコード貼付!$A$1:$D$4652,3,FALSE) -> 4 | E26: =VLOOKUP(B26,バーコード貼付!$A$1:$D$4652,4,FALSE) -> 2 | G26: =IF(D26-E26>=0,0,1) -> 0 | I26: =IF(AND(D26<=0,D26-E26<0),1,0) -> 0 | O26: =E26-D26 -> -2
A27: 25 | B27: TSP60H | C27: =VLOOKUP(B27,バーコード貼付!$A$1:$D$4652,2,FALSE) -> S96*軸60TSP型ｼｰﾙｽﾀﾝ用前部金具 | D27: =VLOOKUP(B27,バーコード貼付!$A$1:$D$4652,3,FALSE) -> 5 | E27: 5 | G27: =IF(D27-E27>=0,0,1) -> 0 | I27: =IF(AND(D27<=0,D27-E27<0),1,0) -> 0 | O27: =E27-D27 -> 0
A28: 26 | B28: TSA070901 | C28: =VLOOKUP(B28,バーコード貼付!$A$1:$D$4652,2,FALSE) -> TSAS150*90ｼｰﾙｱﾀﾞﾌﾟﾀｰ給水用 | D28: =VLOOKUP(B28,バーコード貼付!$A$1:$D$4652,3,FALSE) -> 4 | E28: 3 | G28: =IF(D28-E28>=0,0,1) -> 0 | I28: =IF(AND(D28<=0,D28-E28<0),1,0) -> 0 | O28: =E28-D28 -> -1
A29: 27 | B29: TSP75H | C29: =VLOOKUP(B29,バーコード貼付!$A$1:$D$4652,2,FALSE) -> S117*軸75TSP型ｼｰﾙｽﾀﾝ用前部金具 | D29: =VLOOKUP(B29,バーコード貼付!$A$1:$D$4652,3,FALSE) -> 7 | E29: 6 | G29: =IF(D29-E29>=0,0,1) -> 0 | I29: =IF(AND(D29<=0,D29-E29<0),1,0) -> 0 | O29: =E29-D29 -> -1
A30: 28 | B30: UC060 | C30: =VLOOKUP(B30,バーコード貼付!$A$1:$D$4652,2,FALSE) -> 軸60TWｼｰﾙｽﾀﾝ用ｶｰﾎﾞﾝﾌﾞﾗｼ(ｾｯﾄ品) | D30: =VLOOKUP(B30,バーコード貼付!$A$1:$D$4652,3,FALSE) -> 45 | E30: 38 | G30: =IF(D30-E30>=0,0,1) -> 0 | I30: =IF(AND(D30<=0,D30-E30<0),1,0) -> 0 | O30: =E30-D30 -> -7
A31: 29 | B31: TSP75Y | C31: =VLOOKUP(B31,バーコード貼付!$A$1:$D$4652,2,FALSE) -> TSP75Yｼｰﾙｽﾀﾝ(ﾔﾏﾊ仕様) | D31: =VLOOKUP(B31,バーコード貼付!$A$1:$D$4652,3,FALSE) -> 6 | E31: 2 | G31: =IF(D31-E31>=0,0,1) -> 0 | I31: =IF(AND(D31<=0,D31-E31<0),1,0) -> 0 | O31: =E31-D31 -> -4
A32: 30 | B32: TSA070851 | C32: =VLOOKUP(B32,バーコード貼付!$A$1:$D$4652,2,FALSE) -> TSAS140*85ｼｰﾙｱﾀﾞﾌﾟﾀｰ給水用 | D32: =VLOOKUP(B32,バーコード貼付!$A$1:$D$4652,3,FALSE) -> 3 | E32: 3 | G32: =IF(D32-E32>=0,0,1) -> 0 | I32: =IF(AND(D32<=0,D32-E32<0),1,0) -> 0 | O32: =E32-D32 -> 0
A33: 31 | B33: TSA070401 | C33: =VLOOKUP(B33,バーコード貼付!$A$1:$D$4652,2,FALSE) -> TSAS70*40ｼｰﾙｱﾀﾞﾌﾟﾀｰ給水用 | D33: =VLOOKUP(B33,バーコード貼付!$A$1:$D$4652,3,FALSE) -> 4 | E33: =VLOOKUP(B33,バーコード貼付!$A$1:$D$4652,4,FALSE) -> 2 | G33: =IF(D33-E33>=0,0,1) -> 0 | I33: =IF(AND(D33<=0,D33-E33<0),1,0) -> 0 | O33: =E33-D33 -> -2
A34: 32 | B34: EG0430501 | C34: =VLOOKUP(B34,バーコード貼付!$A$1:$D$4652,2,FALSE) -> BCWF88*50給水用ﾊﾟｯｷﾝｸﾞﾗﾝﾄﾞ | D34: =VLOOKUP(B34,バーコード貼付!$A$1:$D$4652,3,FALSE) -> 8 | E34: 2 | G34: =IF(D34-E34>=0,0,1) -> 0 | I34: =IF(AND(D34<=0,D34-E34<0),1,0) -> 0 | O34: =E34-D34 -> -6
A35: 33 | B35: TSP50Y | C35: =VLOOKUP(B35,バーコード貼付!$A$1:$D$4652,2,FALSE) -> TSP50Yｼｰﾙｽﾀﾝ(ﾔﾏﾊ仕様) | D35: =VLOOKUP(B35,バーコード貼付!$A$1:$D$4652,3,FALSE) -> 5 | E35: =VLOOKUP(B35,バーコード貼付!$A$1:$D$4652,4,FALSE) -> 5 | G35: =IF(D35-E35>=0,0,1) -> 0 | I35: =IF(AND(D35<=0,D35-E35<0),1,0) -> 0 | O35: =E35-D35 -> 0
A36: 34 | B36: TSA070951 | C36: =VLOOKUP(B36,バーコード貼付!$A$1:$D$4652,2,FALSE) -> TSAS150*95ｼｰﾙｱﾀﾞﾌﾟﾀｰ給水用 | D36: =VLOOKUP(B36,バーコード貼付!$A$1:$D$4652,3,FALSE) -> 3 | E36: 3 | G36: =IF(D36-E36>=0,0,1) -> 0 | I36: =IF(AND(D36<=0,D36-E36<0),1,0) -> 0 | O36: =E36-D36 -> 0
A37: 35 | B37: UC065 | C37: =VLOOKUP(B37,バーコード貼付!$A$1:$D$4652,2,FALSE) -> 軸65TWｼｰﾙｽﾀﾝ用ｶｰﾎﾞﾝﾌﾞﾗｼ(ｾｯﾄ品) | D37: =VLOOKUP(B37,バーコード貼付!$A$1:$D$4652,3,FALSE) -> 60 | E37: 24 | G37: =IF(D37-E37>=0,0,1) -> 0 | I37: =IF(AND(D37<=0,D37-E37<0),1,0) -> 0 | O37: =E37-D37 -> -36
A38: 36 | B38: UC075 | C38: =VLOOKUP(B38,バーコード貼付!$A$1:$D$4652,2,FALSE) -> 軸75TWｼｰﾙｽﾀﾝ用ｶｰﾎﾞﾝﾌﾞﾗｼ(ｾｯﾄ品) | D38: =VLOOKUP(B38,バーコード貼付!$A$1:$D$4652,3,FALSE) -> 81 | E38: =VLOOKUP(B38,バーコード貼付!$A$1:$D$4652,4,FALSE) -> 30 | G38: =IF(D38-E38>=0,0,1) -> 0 | I38: =IF(AND(D38<=0,D38-E38<0),1,0) -> 0 | O38: =E38-D38 -> -51
A39: 37 | B39: CT04085 | C39: =VLOOKUP(B39,バーコード貼付!$A$1:$D$4652,2,FALSE) -> BC85(S140)単式ｽﾀﾝL1*424 | D39: =VLOOKUP(B39,バーコード貼付!$A$1:$D$4652,3,FALSE) -> 1 | E39: 1 | G39: =IF(D39-E39>=0,0,1) -> 0 | I39: =IF(AND(D39<=0,D39-E39<0),1,0) -> 0 | O39: =E39-D39 -> 0
A40: 38 | B40: TO04110 | C40: =VLOOKUP(B40,バーコード貼付!$A$1:$D$4652,2,FALSE) -> BCS170x110TSS型前部ｽﾀﾝﾎﾞｯｸｽ | D40: =VLOOKUP(B40,バーコード貼付!$A$1:$D$4652,3,FALSE) -> 5 | E40: 5 | G40: =IF(D40-E40>=0,0,1) -> 0 | I40: =IF(AND(D40<=0,D40-E40<0),1,0) -> 0 | O40: =E40-D40 -> 0
A41: 39 | B41: TSA070700 | C41: =VLOOKUP(B41,バーコード貼付!$A$1:$D$4652,2,FALSE) -> TSAS110*70ｼｰﾙｱﾀﾞﾌﾟﾀｰ給水無用 | D41: =VLOOKUP(B41,バーコード貼付!$A$1:$D$4652,3,FALSE) -> 2 | E41: 1 | G41: =IF(D41-E41>=0,0,1) -> 0 | I41: =IF(AND(D41<=0,D41-E41<0),1,0) -> 0 | O41: =E41-D41 -> -1
A42: 40 | B42: TSA071001 | C42: =VLOOKUP(B42,バーコード貼付!$A$1:$D$4652,2,FALSE) -> TSAS160*100ｼｰﾙｱﾀﾞﾌﾟﾀｰ給水用 | D42: =VLOOKUP(B42,バーコード貼付!$A$1:$D$4652,3,FALSE) -> 3 | E42: =VLOOKUP(B42,バーコード貼付!$A$1:$D$4652,4,FALSE) -> 2 | G42: =IF(D42-E42>=0,0,1) -> 0 | I42: =IF(AND(D42<=0,D42-E42<0),1,0) -> 0 | O42: =E42-D42 -> -1
A43: 41 | B43: TSP50H | C43: =VLOOKUP(B43,バーコード貼付!$A$1:$D$4652,2,FALSE) -> S85*軸50TSP型ｼｰﾙｽﾀﾝ用前部金具 | D43: =VLOOKUP(B43,バーコード貼付!$A$1:$D$4652,3,FALSE) -> 5 | E43: 4 | G43: =IF(D43-E43>=0,0,1) -> 0 | I43: =IF(AND(D43<=0,D43-E43<0),1,0) -> 0 | O43: =E43-D43 -> -1
A44: 42 | B44: TSA071051 | C44: =VLOOKUP(B44,バーコード貼付!$A$1:$D$4652,2,FALSE) -> TSAS160*105ｼｰﾙｱﾀﾞﾌﾟﾀｰ給水用 | D44: =VLOOKUP(B44,バーコード貼付!$A$1:$D$4652,3,FALSE) -> 3 | E44: =VLOOKUP(B44,バーコード貼付!$A$1:$D$4652,4,FALSE) -> 2 | G44: =IF(D44-E44>=0,0,1) -> 0 | I44: =IF(AND(D44<=0,D44-E44<0),1,0) -> 0 | O44: =E44-D44 -> -1
A45: 43 | B45: TSP55Y | C45: =VLOOKUP(B45,バーコード貼付!$A$1:$D$4652,2,FALSE) -> TSP55Yｼｰﾙｽﾀﾝ(ﾔﾏﾊ仕様) | D45: =VLOOKUP(B45,バーコード貼付!$A$1:$D$4652,3,FALSE) -> 4 | E45: 4 | G45: =IF(D45-E45>=0,0,1) -> 0 | I45: =IF(AND(D45<=0,D45-E45<0),1,0) -> 0 | O45: =E45-D45 -> 0
A46: 44 | B46: UC085 | C46: =VLOOKUP(B46,バーコード貼付!$A$1:$D$4652,2,FALSE) -> 軸85TWｼｰﾙｽﾀﾝ用ｶｰﾎﾞﾝﾌﾞﾗｼ(ｾｯﾄ品) | D46: =VLOOKUP(B46,バーコード貼付!$A$1:$D$4652,3,FALSE) -> 27 | E46: =VLOOKUP(B46,バーコード貼付!$A$1:$D$4652,4,FALSE) -> 20 | G46: =IF(D46-E46>=0,0,1) -> 0 | I46: =IF(AND(D46<=0,D46-E46<0),1,0) -> 0 | O46: =E46-D46 -> -7
A47: 45 | B47: CT04035 | C47: =VLOOKUP(B47,バーコード貼付!$A$1:$D$4652,2,FALSE) -> BC35(S60)S型単式ｽﾀﾝL1*117 | D47: =VLOOKUP(B47,バーコード貼付!$A$1:$D$4652,3,FALSE) -> 1 | E47: 1 | G47: =IF(D47-E47>=0,0,1) -> 0 | I47: =IF(AND(D47<=0,D47-E47<0),1,0) -> 0 | O47: =E47-D47 -> 0
A48: 46 | B48: TO04055 | C48: =VLOOKUP(B48,バーコード貼付!$A$1:$D$4652,2,FALSE) -> BCS96*55TSS型前部ｽﾀﾝﾎﾞｯｸｽ | D48: =VLOOKUP(B48,バーコード貼付!$A$1:$D$4652,3,FALSE) -> 3 | E48: 2 | G48: =IF(D48-E48>=0,0,1) -> 0 | I48: =IF(AND(D48<=0,D48-E48<0),1,0) -> 0 | O48: =E48-D48 -> -1
A49: 47 | B49: TSA070500 | C49: =VLOOKUP(B49,バーコード貼付!$A$1:$D$4652,2,FALSE) -> TSAS88*50ｼｰﾙｱﾀﾞﾌﾟﾀｰ給水無用 | D49: =VLOOKUP(B49,バーコード貼付!$A$1:$D$4652,3,FALSE) -> 3 | E49: 3 | G49: =IF(D49-E49>=0,0,1) -> 0 | I49: =IF(AND(D49<=0,D49-E49<0),1,0) -> 0 | O49: =E49-D49 -> 0
A50: 48 | B50: FRPP065 | C50: =VLOOKUP(B50,バーコード貼付!$A$1:$D$4652,2,FALSE) -> 軸65用(86*104*4m)FRPﾊﾟｲﾌﾟ | D50: =VLOOKUP(B50,バーコード貼付!$A$1:$D$4652,3,FALSE) -> 3 | E50: 1 | G50: =IF(D50-E50>=0,0,1) -> 0 | I50: =IF(AND(D50<=0,D50-E50<0),1,0) -> 0 | O50: =E50-D50 -> -2
A51: 49 | B51: TSB07040 | C51: =VLOOKUP(B51,バーコード貼付!$A$1:$D$4652,2,FALSE) -> TSB型40単式ｼｰﾙｽﾀﾝ | D51: =VLOOKUP(B51,バーコード貼付!$A$1:$D$4652,3,FALSE) -> 6 | E51: =VLOOKUP(B51,バーコード貼付!$A$1:$D$4652,4,FALSE) -> 2 | G51: =IF(D51-E51>=0,0,1) -> 0 | I51: =IF(AND(D51<=0,D51-E51<0),1,0) -> 0 | O51: =E51-D51 -> -4
A52: 50 | B52: TSA070501 | C52: =VLOOKUP(B52,バーコード貼付!$A$1:$D$4652,2,FALSE) -> TSAS88*50ｼｰﾙｱﾀﾞﾌﾟﾀｰ給水用 | D52: =VLOOKUP(B52,バーコード貼付!$A$1:$D$4652,3,FALSE) -> 4 | E52: 2 | G52: =IF(D52-E52>=0,0,1) -> 0 | I52: =IF(AND(D52<=0,D52-E52<0),1,0) -> 0 | O52: =E52-D52 -> -2
A53: 51 | B53: TSP45Y | C53: =VLOOKUP(B53,バーコード貼付!$A$1:$D$4652,2,FALSE) -> TSP45Yｼｰﾙｽﾀﾝ(ﾔﾏﾊ仕様) | D53: =VLOOKUP(B53,バーコード貼付!$A$1:$D$4652,3,FALSE) -> 2 | E53: 2 | G53: =IF(D53-E53>=0,0,1) -> 0 | I53: =IF(AND(D53<=0,D53-E53<0),1,0) -> 0 | O53: =E53-D53 -> 0
A54: 52 | B54: TO04080 | C54: =VLOOKUP(B54,バーコード貼付!$A$1:$D$4652,2,FALSE) -> BCS127*80TSS型前部ｽﾀﾝﾎﾞｯｸｽ | D54: =VLOOKUP(B54,バーコード貼付!$A$1:$D$4652,3,FALSE) -> 5 | E54: 1 | G54: =IF(D54-E54>=0,0,1) -> 0 | I54: =IF(AND(D54<=0,D54-E54<0),1,0) -> 0 | O54: =E54-D54 -> -4
A55: 53 | B55: TSA071101 | C55: =VLOOKUP(B55,バーコード貼付!$A$1:$D$4652,2,FALSE) -> TSAS170*110ｼｰﾙｱﾀﾞﾌﾟﾀｰ給水用 | D55: =VLOOKUP(B55,バーコード貼付!$A$1:$D$4652,3,FALSE) -> 2 | E55: =VLOOKUP(B55,バーコード貼付!$A$1:$D$4652,4,FALSE) -> 2 | G55: =IF(D55-E55>=0,0,1) -> 0 | I55: =IF(AND(D55<=0,D55-E55<0),1,0) -> 0 | O55: =E55-D55 -> 0
A56: 54 | B56: TSP40H | C56: =VLOOKUP(B56,バーコード貼付!$A$1:$D$4652,2,FALSE) -> S78*軸40TSP型ｼｰﾙｽﾀﾝ用前部金具 | D56: =VLOOKUP(B56,バーコード貼付!$A$1:$D$4652,3,FALSE) -> 6 | E56: 5 | G56: =IF(D56-E56>=0,0,1) -> 0 | I56: =IF(AND(D56<=0,D56-E56<0),1,0) -> 0 | O56: =E56-D56 -> -1
A57: 55 | B57: TP50H | C57: =VLOOKUP(B57,バーコード貼付!$A$1:$D$4652,2,FALSE) -> S85*軸50TP型給水用前部金具 | D57: =VLOOKUP(B57,バーコード貼付!$A$1:$D$4652,3,FALSE) -> 28 | E57: 3 | G57: =IF(D57-E57>=0,0,1) -> 0 | I57: =IF(AND(D57<=0,D57-E57<0),1,0) -> 0 | O57: =E57-D57 -> -25
A58: 56 | B58: TSA070600 | C58: =VLOOKUP(B58,バーコード貼付!$A$1:$D$4652,2,FALSE) -> TSAS96*60ｼｰﾙｱﾀﾞﾌﾟﾀｰ給水無用 | D58: =VLOOKUP(B58,バーコード貼付!$A$1:$D$4652,3,FALSE) -> 2 | E58: =VLOOKUP(B58,バーコード貼付!$A$1:$D$4652,4,FALSE) -> 2 | G58: =IF(D58-E58>=0,0,1) -> 0 | I58: =IF(AND(D58<=0,D58-E58<0),1,0) -> 0 | O58: =E58-D58 -> 0
A59: 57 | B59: TO04060 | C59: =VLOOKUP(B59,バーコード貼付!$A$1:$D$4652,2,FALSE) -> BCS96*60TSS型前部ｽﾀﾝﾎﾞｯｸｽ | D59: =VLOOKUP(B59,バーコード貼付!$A$1:$D$4652,3,FALSE) -> 5 | E59: 1 | G59: =IF(D59-E59>=0,0,1) -> 0 | I59: =IF(AND(D59<=0,D59-E59<0),1,0) -> 0 | O59: =E59-D59 -> -4
A60: 58 | B60: TO04090 | C60: =VLOOKUP(B60,バーコード貼付!$A$1:$D$4652,2,FALSE) -> BCS150*90TSS型前部ｽﾀﾝﾎﾞｯｸｽ | D60: =VLOOKUP(B60,バーコード貼付!$A$1:$D$4652,3,FALSE) -> 8 | E60: 1 | G60: =IF(D60-E60>=0,0,1) -> 0 | I60: =IF(AND(D60<=0,D60-E60<0),1,0) -> 0 | O60: =E60-D60 -> -7
A61: 59 | B61: TO04050 | C61: =VLOOKUP(B61,バーコード貼付!$A$1:$D$4652,2,FALSE) -> BCS88*50TSS型前部ｽﾀﾝﾎﾞｯｸｽ | D61: =VLOOKUP(B61,バーコード貼付!$A$1:$D$4652,3,FALSE) -> 6 | E61: =VLOOKUP(B61,バーコード貼付!$A$1:$D$4652,4,FALSE) -> 5 | G61: =IF(D61-E61>=0,0,1) -> 0 | I61: =IF(AND(D61<=0,D61-E61<0),1,0) -> 0 | O61: =E61-D61 -> -1
A62: 60 | B62: CT04080 | C62: =VLOOKUP(B62,バーコード貼付!$A$1:$D$4652,2,FALSE) -> BC80(S127)単式ｽﾀﾝL1*375 | D62: =VLOOKUP(B62,バーコード貼付!$A$1:$D$4652,3,FALSE) -> 2 | E62: 1 | G62: =IF(D62-E62>=0,0,1) -> 0 | I62: =IF(AND(D62<=0,D62-E62<0),1,0) -> 0 | O62: =E62-D62 -> -1
A63: 61 | B63: TSP70Y | C63: =VLOOKUP(B63,バーコード貼付!$A$1:$D$4652,2,FALSE) -> TSP70Yｼｰﾙｽﾀﾝ(ﾔﾏﾊ仕様) | D63: =VLOOKUP(B63,バーコード貼付!$A$1:$D$4652,3,FALSE) -> 5 | E63: 1 | G63: =IF(D63-E63>=0,0,1) -> 0 | I63: =IF(AND(D63<=0,D63-E63<0),1,0) -> 0 | O63: =E63-D63 -> -4
A64: 62 | B64: TSP45H | C64: =VLOOKUP(B64,バーコード貼付!$A$1:$D$4652,2,FALSE) -> S78*軸45TSP型ｼｰﾙｽﾀﾝ用前部金具 | D64: =VLOOKUP(B64,バーコード貼付!$A$1:$D$4652,3,FALSE) -> 2 | E64: 2 | G64: =IF(D64-E64>=0,0,1) -> 0 | I64: =IF(AND(D64<=0,D64-E64<0),1,0) -> 0 | O64: =E64-D64 -> 0
A65: 63 | B65: TSB07050 | C65: =VLOOKUP(B65,バーコード貼付!$A$1:$D$4652,2,FALSE) -> TSB型50単式ｼｰﾙｽﾀﾝ | D65: =VLOOKUP(B65,バーコード貼付!$A$1:$D$4652,3,FALSE) -> 14 | E65: =VLOOKUP(B65,バーコード貼付!$A$1:$D$4652,4,FALSE) -> 3 | G65: =IF(D65-E65>=0,0,1) -> 0 | I65: =IF(AND(D65<=0,D65-E65<0),1,0) -> 0 | O65: =E65-D65 -> -11
A66: 64 | B66: TP65H | C66: =VLOOKUP(B66,バーコード貼付!$A$1:$D$4652,2,FALSE) -> S104*軸65TP型給水用前部金具 | D66: =VLOOKUP(B66,バーコード貼付!$A$1:$D$4652,3,FALSE) -> 18 | E66: =VLOOKUP(B66,バーコード貼付!$A$1:$D$4652,4,FALSE) -> 5 | G66: =IF(D66-E66>=0,0,1) -> 0 | I66: =IF(AND(D66<=0,D66-E66<0),1,0) -> 0 | O66: =E66-D66 -> -13
A67: 65 | B67: TO04065 | C67: =VLOOKUP(B67,バーコード貼付!$A$1:$D$4652,2,FALSE) -> BCS110*65TSS型前部ｽﾀﾝﾎﾞｯｸｽ | D67: =VLOOKUP(B67,バーコード貼付!$A$1:$D$4652,3,FALSE) -> 5 | E67: 2 | G67: =IF(D67-E67>=0,0,1) -> 0 | I67: =IF(AND(D67<=0,D67-E67<0),1,0) -> 0 | O67: =E67-D67 -> -3
A68: 66 | B68: TP60H | C68: =VLOOKUP(B68,バーコード貼付!$A$1:$D$4652,2,FALSE) -> S96*軸60TP型給水用前部金具 | D68: =VLOOKUP(B68,バーコード貼付!$A$1:$D$4652,3,FALSE) -> 11 | E68: 2 | G68: =IF(D68-E68>=0,0,1) -> 0 | I68: =IF(AND(D68<=0,D68-E68<0),1,0) -> 0 | O68: =E68-D68 -> -9
A69: 67 | B69: CT04055 | C69: =VLOOKUP(B69,バーコード貼付!$A$1:$D$4652,2,FALSE) -> BC55(S96)S型単式ｽﾀﾝL1*250 | D69: =VLOOKUP(B69,バーコード貼付!$A$1:$D$4652,3,FALSE) -> 2 | E69: 2 | G69: =IF(D69-E69>=0,0,1) -> 0 | I69: =IF(AND(D69<=0,D69-E69<0),1,0) -> 0 | O69: =E69-D69 -> 0
A70: 68 | B70: UA02 | C70: =VLOOKUP(B70,バーコード貼付!$A$1:$D$4652,2,FALSE) -> ｼｰﾙｽﾀﾝｶｰﾎﾞﾝﾌﾞﾗｼ用ｽﾌﾟﾘﾝｸﾞ | D70: =VLOOKUP(B70,バーコード貼付!$A$1:$D$4652,3,FALSE) -> 41 | E70: 14 | G70: =IF(D70-E70>=0,0,1) -> 0 | I70: =IF(AND(D70<=0,D70-E70<0),1,0) -> 0 | O70: =E70-D70 -> -27
A71: 69 | B71: TSA070750 | C71: =VLOOKUP(B71,バーコード貼付!$A$1:$D$4652,2,FALSE) -> TSAS120*75ｼｰﾙｱﾀﾞﾌﾟﾀｰ給水無用 | D71: =VLOOKUP(B71,バーコード貼付!$A$1:$D$4652,3,FALSE) -> 3 | E71: 1 | G71: =IF(D71-E71>=0,0,1) -> 0 | I71: =IF(AND(D71<=0,D71-E71<0),1,0) -> 0 | O71: =E71-D71 -> -2
A72: 70 | B72: EG043050 | C72: =VLOOKUP(B72,バーコード貼付!$A$1:$D$4652,2,FALSE) -> BCS88*50単式.複式用ﾊﾟｯｷﾝｸﾞﾗﾝﾄﾞ | D72: =VLOOKUP(B72,バーコード貼付!$A$1:$D$4652,3,FALSE) -> 10 | E72: 2 | G72: =IF(D72-E72>=0,0,1) -> 0 | I72: =IF(AND(D72<=0,D72-E72<0),1,0) -> 0 | O72: =E72-D72 -> -8
A73: 71 | B73: EG043105 | C73: =VLOOKUP(B73,バーコード貼付!$A$1:$D$4652,2,FALSE) -> BCS160*105Wｽﾀﾝ用ﾊﾟｯｷﾝｸﾞﾗﾝﾄﾞ | D73: =VLOOKUP(B73,バーコード貼付!$A$1:$D$4652,3,FALSE) -> 1 | E73: 1 | G73: =IF(D73-E73>=0,0,1) -> 0 | I73: =IF(AND(D73<=0,D73-E73<0),1,0) -> 0 | O73: =E73-D73 -> 0
A74: 72 | B74: TSP40Y | C74: =VLOOKUP(B74,バーコード貼付!$A$1:$D$4652,2,FALSE) -> TSP40Yｼｰﾙｽﾀﾝ(ﾔﾏﾊ仕様) | D74: =VLOOKUP(B74,バーコード貼付!$A$1:$D$4652,3,FALSE) -> 6 | E74: 1 | G74: =IF(D74-E74>=0,0,1) -> 0 | I74: =IF(AND(D74<=0,D74-E74<0),1,0) -> 0 | O74: =E74-D74 -> -5
A75: 73 | B75: CTP04045 | C75: =VLOOKUP(B75,バーコード貼付!$A$1:$D$4652,2,FALSE) -> BC45単式ｽﾀﾝ用ﾊﾟｯｷﾝｸﾞﾗﾝﾄﾞ | D75: =VLOOKUP(B75,バーコード貼付!$A$1:$D$4652,3,FALSE) -> 3 | E75: 2 | G75: =IF(D75-E75>=0,0,1) -> 0 | I75: =IF(AND(D75<=0,D75-E75<0),1,0) -> 0 | O75: =E75-D75 -> -1
A76: 74 | B76: TSB07065 | C76: =VLOOKUP(B76,バーコード貼付!$A$1:$D$4652,2,FALSE) -> TSB型65単式ｼｰﾙｽﾀﾝ | D76: =VLOOKUP(B76,バーコード貼付!$A$1:$D$4652,3,FALSE) -> 2 | E76: =VLOOKUP(B76,バーコード貼付!$A$1:$D$4652,4,FALSE) -> 2 | G76: =IF(D76-E76>=0,0,1) -> 0 | I76: =IF(AND(D76<=0,D76-E76<0),1,0) -> 0 | O76: =E76-D76 -> 0
A77: 75 | B77: EG043075 | C77: =VLOOKUP(B77,バーコード貼付!$A$1:$D$4652,2,FALSE) -> BCS120*75単式.複式用ﾊﾟｯｷﾝｸﾞﾗﾝﾄﾞ | D77: =VLOOKUP(B77,バーコード貼付!$A$1:$D$4652,3,FALSE) -> 4 | E77: 1 | G77: =IF(D77-E77>=0,0,1) -> 0 | I77: =IF(AND(D77<=0,D77-E77<0),1,0) -> 0 | O77: =E77-D77 -> -3
A78: 76 | B78: CTP04035 | C78: =VLOOKUP(B78,バーコード貼付!$A$1:$D$4652,2,FALSE) -> BC35単式ｽﾀﾝ用ﾊﾟｯｷﾝｸﾞﾗﾝﾄﾞ | D78: =VLOOKUP(B78,バーコード貼付!$A$1:$D$4652,3,FALSE) -> 9 | E78: =VLOOKUP(B78,バーコード貼付!$A$1:$D$4652,4,FALSE) -> 5 | G78: =IF(D78-E78>=0,0,1) -> 0 | I78: =IF(AND(D78<=0,D78-E78<0),1,0) -> 0 | O78: =E78-D78 -> -4
A79: 77 | B79: TSB07055 | C79: =VLOOKUP(B79,バーコード貼付!$A$1:$D$4652,2,FALSE) -> TSB型55単式ｼｰﾙｽﾀﾝ | D79: =VLOOKUP(B79,バーコード貼付!$A$1:$D$4652,3,FALSE) -> 6 | E79: 1 | G79: =IF(D79-E79>=0,0,1) -> 0 | I79: =IF(AND(D79<=0,D79-E79<0),1,0) -> 0 | O79: =E79-D79 -> -5
A80: 78 | B80: TSA070450W | C80: =VLOOKUP(B80,バーコード貼付!$A$1:$D$4652,2,FALSE) -> TSAS77*45ｼｰﾙｱﾀﾞﾌﾟﾀｰ給水無用 | D80: =VLOOKUP(B80,バーコード貼付!$A$1:$D$4652,3,FALSE) -> 3 | E80: =VLOOKUP(B80,バーコード貼付!$A$1:$D$4652,4,FALSE) -> 2 | G80: =IF(D80-E80>=0,0,1) -> 0 | I80: =IF(AND(D80<=0,D80-E80<0),1,0) -> 0 | O80: =E80-D80 -> -1
A81: 79 | B81: TSP35H | C81: =VLOOKUP(B81,バーコード貼付!$A$1:$D$4652,2,FALSE) -> 軸35TSP型ｼｰﾙｽﾀﾝ用前部金具 | D81: =VLOOKUP(B81,バーコード貼付!$A$1:$D$4652,3,FALSE) -> 2 | E81: 2 | G81: =IF(D81-E81>=0,0,1) -> 0 | I81: =IF(AND(D81<=0,D81-E81<0),1,0) -> 0 | O81: =E81-D81 -> 0
A82: 80 | B82: TSP80Y | C82: =VLOOKUP(B82,バーコード貼付!$A$1:$D$4652,2,FALSE) -> TSP80Yｼｰﾙｽﾀﾝ(ﾔﾏﾊ仕様) | D82: =VLOOKUP(B82,バーコード貼付!$A$1:$D$4652,3,FALSE) -> 2 | E82: =VLOOKUP(B82,バーコード貼付!$A$1:$D$4652,4,FALSE) -> 2 | G82: =IF(D82-E82>=0,0,1) -> 0 | I82: =IF(AND(D82<=0,D82-E82<0),1,0) -> 0 | O82: =E82-D82 -> 0
A83: 81 | B83: TSB07045 | C83: =VLOOKUP(B83,バーコード貼付!$A$1:$D$4652,2,FALSE) -> TSB型45単式ｼｰﾙｽﾀﾝ | D83: =VLOOKUP(B83,バーコード貼付!$A$1:$D$4652,3,FALSE) -> 8 | E83: =VLOOKUP(B83,バーコード貼付!$A$1:$D$4652,4,FALSE) -> 3 | G83: =IF(D83-E83>=0,0,1) -> 0 | I83: =IF(AND(D83<=0,D83-E83<0),1,0) -> 0 | O83: =E83-D83 -> -5
A84: 82 | B84: TSB07060 | C84: =VLOOKUP(B84,バーコード貼付!$A$1:$D$4652,2,FALSE) -> TSB型60単式ｼｰﾙｽﾀﾝ | D84: =VLOOKUP(B84,バーコード貼付!$A$1:$D$4652,3,FALSE) -> 11 | E84: =VLOOKUP(B84,バーコード貼付!$A$1:$D$4652,4,FALSE) -> 3 | G84: =IF(D84-E84>=0,0,1) -> 0 | I84: =IF(AND(D84<=0,D84-E84<0),1,0) -> 0 | O84: =E84-D84 -> -8
A85: 83 | B85: TSB07070 | C85: =VLOOKUP(B85,バーコード貼付!$A$1:$D$4652,2,FALSE) -> TSB型70単式ｼｰﾙｽﾀﾝ | D85: =VLOOKUP(B85,バーコード貼付!$A$1:$D$4652,3,FALSE) -> 7 | E85: =VLOOKUP(B85,バーコード貼付!$A$1:$D$4652,4,FALSE) -> 3 | G85: =IF(D85-E85>=0,0,1) -> 0 | I85: =IF(AND(D85<=0,D85-E85<0),1,0) -> 0 | O85: =E85-D85 -> -4
A86: 84 | B86: TSB07075 | C86: =VLOOKUP(B86,バーコード貼付!$A$1:$D$4652,2,FALSE) -> TSB型75単式ｼｰﾙｽﾀﾝ | D86: =VLOOKUP(B86,バーコード貼付!$A$1:$D$4652,3,FALSE) -> 11 | E86: =VLOOKUP(B86,バーコード貼付!$A$1:$D$4652,4,FALSE) -> 3 | G86: =IF(D86-E86>=0,0,1) -> 0 | I86: =IF(AND(D86<=0,D86-E86<0),1,0) -> 0 | O86: =E86-D86 -> -8
A87: 85 | B87: TSB07080 | C87: =VLOOKUP(B87,バーコード貼付!$A$1:$D$4652,2,FALSE) -> TSB型80単式ｼｰﾙｽﾀﾝ | D87: =VLOOKUP(B87,バーコード貼付!$A$1:$D$4652,3,FALSE) -> 7 | E87: =VLOOKUP(B87,バーコード貼付!$A$1:$D$4652,4,FALSE) -> 2 | G87: =IF(D87-E87>=0,0,1) -> 0 | I87: =IF(AND(D87<=0,D87-E87<0),1,0) -> 0 | O87: =E87-D87 -> -5
A88: 86 | B88: TSB07085 | C88: =VLOOKUP(B88,バーコード貼付!$A$1:$D$4652,2,FALSE) -> TSB型85単式ｼｰﾙｽﾀﾝ | D88: =VLOOKUP(B88,バーコード貼付!$A$1:$D$4652,3,FALSE) -> 5 | E88: =VLOOKUP(B88,バーコード貼付!$A$1:$D$4652,4,FALSE) -> 2 | G88: =IF(D88-E88>=0,0,1) -> 0 | I88: =IF(AND(D88<=0,D88-E88<0),1,0) -> 0 | O88: =E88-D88 -> -3
A89: 87 | B89: CTP04019 | C89: =VLOOKUP(B89,バーコード貼付!$A$1:$D$4652,2,FALSE) -> BC19単式ｽﾀﾝ用ﾊﾟｯｷﾝｸﾞﾗﾝﾄﾞ | D89: =VLOOKUP(B89,バーコード貼付!$A$1:$D$4652,3,FALSE) -> 120 | E89: 120 | G89: =IF(D89-E89>=0,0,1) -> 0 | I89: =IF(AND(D89<=0,D89-E89<0),1,0) -> 0 | O89: =E89-D89 -> 0
A90: 88 | B90: CTP04022 | C90: =VLOOKUP(B90,バーコード貼付!$A$1:$D$4652,2,FALSE) -> BC22単式ｽﾀﾝ用ﾊﾟｯｷﾝｸﾞﾗﾝﾄﾞ | D90: =VLOOKUP(B90,バーコード貼付!$A$1:$D$4652,3,FALSE) -> 47 | E90: =VLOOKUP(B90,バーコード貼付!$A$1:$D$4652,4,FALSE) -> 3 | G90: =IF(D90-E90>=0,0,1) -> 0 | I90: =IF(AND(D90<=0,D90-E90<0),1,0) -> 0 | O90: =E90-D90 -> -44
A91: 89 | B91: CTP04025 | C91: =VLOOKUP(B91,バーコード貼付!$A$1:$D$4652,2,FALSE) -> BC25単式ｽﾀﾝ用ﾊﾟｯｷﾝｸﾞﾗﾝﾄﾞ | D91: =VLOOKUP(B91,バーコード貼付!$A$1:$D$4652,3,FALSE) -> 45 | E91: =VLOOKUP(B91,バーコード貼付!$A$1:$D$4652,4,FALSE) -> 5 | G91: =IF(D91-E91>=0,0,1) -> 0 | I91: =IF(AND(D91<=0,D91-E91<0),1,0) -> 0 | O91: =E91-D91 -> -40
A92: 90 | B92: CTP04028 | C92: =VLOOKUP(B92,バーコード貼付!$A$1:$D$4652,2,FALSE) -> BC28単式ｽﾀﾝ用ﾊﾟｯｷﾝｸﾞﾗﾝﾄﾞ | D92: =VLOOKUP(B92,バーコード貼付!$A$1:$D$4652,3,FALSE) -> 264 | E92: =VLOOKUP(B92,バーコード貼付!$A$1:$D$4652,4,FALSE) -> 5 | G92: =IF(D92-E92>=0,0,1) -> 0 | I92: =IF(AND(D92<=0,D92-E92<0),1,0) -> 0 | O92: =E92-D92 -> -259
A93: 91 | B93: CTP04030 | C93: =VLOOKUP(B93,バーコード貼付!$A$1:$D$4652,2,FALSE) -> BC30単式ｽﾀﾝ用ﾊﾟｯｷﾝｸﾞﾗﾝﾄﾞ | D93: =VLOOKUP(B93,バーコード貼付!$A$1:$D$4652,3,FALSE) -> 21 | E93: =VLOOKUP(B93,バーコード貼付!$A$1:$D$4652,4,FALSE) -> 5 | G93: =IF(D93-E93>=0,0,1) -> 0 | I93: =IF(AND(D93<=0,D93-E93<0),1,0) -> 0 | O93: =E93-D93 -> -16
A94: 92 | B94: CTP04032 | C94: =VLOOKUP(B94,バーコード貼付!$A$1:$D$4652,2,FALSE) -> BC32単式ｽﾀﾝ用ﾊﾟｯｷﾝｸﾞﾗﾝﾄﾞ | D94: =VLOOKUP(B94,バーコード貼付!$A$1:$D$4652,3,FALSE) -> 6 | E94: =VLOOKUP(B94,バーコード貼付!$A$1:$D$4652,4,FALSE) -> 5 | G94: =IF(D94-E94>=0,0,1) -> 0 | I94: =IF(AND(D94<=0,D94-E94<0),1,0) -> 0 | O94: =E94-D94 -> -1
A95: 93 | B95: CTP04034 | C95: =VLOOKUP(B95,バーコード貼付!$A$1:$D$4652,2,FALSE) -> BC34単式ｽﾀﾝ用ﾊﾟｯｷﾝｸﾞﾗﾝﾄﾞ | D95: =VLOOKUP(B95,バーコード貼付!$A$1:$D$4652,3,FALSE) -> 73 | E95: =VLOOKUP(B95,バーコード貼付!$A$1:$D$4652,4,FALSE) -> 5 | G95: =IF(D95-E95>=0,0,1) -> 0 | I95: =IF(AND(D95<=0,D95-E95<0),1,0) -> 0 | O95: =E95-D95 -> -68
A96: 94 | B96: CTP04036 | C96: =VLOOKUP(B96,バーコード貼付!$A$1:$D$4652,2,FALSE) -> BC36単式ｽﾀﾝ用ﾊﾟｯｷﾝｸﾞﾗﾝﾄﾞ | D96: =VLOOKUP(B96,バーコード貼付!$A$1:$D$4652,3,FALSE) -> 36 | E96: =VLOOKUP(B96,バーコード貼付!$A$1:$D$4652,4,FALSE) -> 5 | G96: =IF(D96-E96>=0,0,1) -> 0 | I96: =IF(AND(D96<=0,D96-E96<0),1,0) -> 0 | O96: =E96-D96 -> -31
A97: 95 | B97: CTP04044 | C97: =VLOOKUP(B97,バーコード貼付!$A$1:$D$4652,2,FALSE) -> BC44単式ｽﾀﾝ用ﾊﾟｯｷﾝｸﾞﾗﾝﾄﾞ | D97: =VLOOKUP(B97,バーコード貼付!$A$1:$D$4652,3,FALSE) -> 45 | E97: =VLOOKUP(B97,バーコード貼付!$A$1:$D$4652,4,FALSE) -> 1 | G97: =IF(D97-E97>=0,0,1) -> 0 | I97: =IF(AND(D97<=0,D97-E97<0),1,0) -> 0 | O97: =E97-D97 -> -44
A98: 96 | B98: EG043028 | C98: =VLOOKUP(B98,バーコード貼付!$A$1:$D$4652,2,FALSE) -> BCS60*28Wｽﾀﾝ用ﾊﾟｯｷﾝｸﾞﾗﾝﾄﾞ | D98: =VLOOKUP(B98,バーコード貼付!$A$1:$D$4652,3,FALSE) -> 42 | E98: =VLOOKUP(B98,バーコード貼付!$A$1:$D$4652,4,FALSE) -> 1 | G98: =IF(D98-E98>=0,0,1) -> 0 | I98: =IF(AND(D98<=0,D98-E98<0),1,0) -> 0 | O98: =E98-D98 -> -41
A99: 97 | B99: EG043030 | C99: =VLOOKUP(B99,バーコード貼付!$A$1:$D$4652,2,FALSE) -> BCS60*30Wｽﾀﾝ用ﾊﾟｯｷﾝｸﾞﾗﾝﾄﾞ | D99: =VLOOKUP(B99,バーコード貼付!$A$1:$D$4652,3,FALSE) -> 118 | E99: =VLOOKUP(B99,バーコード貼付!$A$1:$D$4652,4,FALSE) -> 1 | G99: =IF(D99-E99>=0,0,1) -> 0 | I99: =IF(AND(D99<=0,D99-E99<0),1,0) -> 0 | O99: =E99-D99 -> -117
A100: 98 | B100: EG043032 | C100: =VLOOKUP(B100,バーコード貼付!$A$1:$D$4652,2,FALSE) -> BCS60*32Wｽﾀﾝ用ﾊﾟｯｷﾝｸﾞﾗﾝﾄﾞ | D100: =VLOOKUP(B100,バーコード貼付!$A$1:$D$4652,3,FALSE) -> 114 | E100: =VLOOKUP(B100,バーコード貼付!$A$1:$D$4652,4,FALSE) -> 1 | G100: =IF(D100-E100>=0,0,1) -> 0 | I100: =IF(AND(D100<=0,D100-E100<0),1,0) -> 0 | O100: =E100-D100 -> -113
...

Sheet 4
F1: =TODAY()-90 -> 46203
A2: 番号 | B2: コード | C2: 4.キングストン | D2: 在庫数 | E2: 発注点 | F2: 発注点割れ | G2: =SUM(G3:G110) -> 10 | H2: 在庫欠品 | I2: =SUM(I3:I110) -> 0 | P2: =P1+1 -> 1
A3: 1 | B3: KA91038 | C3: =VLOOKUP(B3,バーコード貼付!$A$1:$D$4652,2,FALSE) -> 38ﾎﾞｰﾙｷﾝｸﾞｽﾄﾝ用ｴﾙﾎﾞﾌﾗﾝｼﾞのみ | D3: =VLOOKUP(B3,バーコード貼付!$A$1:$D$4652,3,FALSE) -> 13 | E3: 17 | F3: 46251 | G3: =IF(D3-E3>=0,0,1) -> 1 | I3: =IF(AND(D3<=0,D3-E3<0),1,0) -> 0 | O3: =E3-D3 -> 4
A4: 2 | B4: KA90050050 | C4: =VLOOKUP(B4,バーコード貼付!$A$1:$D$4652,2,FALSE) -> 50*PT50ｷﾝｸﾞｽﾄﾝ用ねじ込みBCﾌﾗﾝｼﾞ | D4: =VLOOKUP(B4,バーコード貼付!$A$1:$D$4652,3,FALSE) -> 4 | E4: 30 | F4: 46275 | G4: =IF(D4-E4>=0,0,1) -> 1 | I4: =IF(AND(D4<=0,D4-E4<0),1,0) -> 0 | O4: =E4-D4 -> 26
A5: 3 | B5: KA6903225 | C5: =VLOOKUP(B5,バーコード貼付!$A$1:$D$4652,2,FALSE) -> 32*25ﾎﾞｰﾙｷﾝｸﾞｽﾄﾝ用本体(ｴﾙﾎﾞ付) | D5: =VLOOKUP(B5,バーコード貼付!$A$1:$D$4652,3,FALSE) -> 11 | E5: 22 | F5: 46217 | G5: =IF(D5-E5>=0,0,1) -> 1 | I5: =IF(AND(D5<=0,D5-E5<0),1,0) -> 0 | O5: =E5-D5 -> 11
A6: 4 | B6: KA61032ST | C6: =VLOOKUP(B6,バーコード貼付!$A$1:$D$4652,2,FALSE) -> 11/4(32)TA型高速吸水式ｷﾝｸﾞｽﾄﾝ用ﾗｯﾊﾟ | D6: =VLOOKUP(B6,バーコード貼付!$A$1:$D$4652,3,FALSE) -> 96 | E6: 98 | F6: 46224 | G6: =IF(D6-E6>=0,0,1) -> 1 | I6: =IF(AND(D6<=0,D6-E6<0),1,0) -> 0 | O6: =E6-D6 -> 2
A7: 5 | B7: KA63050 | C7: =VLOOKUP(B7,バーコード貼付!$A$1:$D$4652,2,FALSE) -> 2”(50)銅管ﾎﾞｰﾙ型ｷﾝｸﾞｽﾄﾝ用本体 | D7: =VLOOKUP(B7,バーコード貼付!$A$1:$D$4652,3,FALSE) -> 2 | E7: 12 | F7: 46231 | G7: =IF(D7-E7>=0,0,1) -> 1 | I7: =IF(AND(D7<=0,D7-E7<0),1,0) -> 0 | O7: =E7-D7 -> 10
A8: 6 | B8: KA65076 | C8: =VLOOKUP(B8,バーコード貼付!$A$1:$D$4652,2,FALSE) -> 3”(76)ﾎｰｽ配管ﾎﾞｰﾙ型ｷﾝｸﾞｽﾄﾝ用本体 | D8: =VLOOKUP(B8,バーコード貼付!$A$1:$D$4652,3,FALSE) -> 10 | E8: 11 | F8: 46233 | G8: =IF(D8-E8>=0,0,1) -> 1 | I8: =IF(AND(D8<=0,D8-E8<0),1,0) -> 0 | O8: =E8-D8 -> 1
A9: 7 | B9: KA65032 | C9: =VLOOKUP(B9,バーコード貼付!$A$1:$D$4652,2,FALSE) -> 11/4(32)ﾎｰｽ配管ﾎﾞｰﾙ型ｷﾝｸﾞｽﾄﾝ用本体 | D9: =VLOOKUP(B9,バーコード貼付!$A$1:$D$4652,3,FALSE) -> 36 | E9: 59 | F9: 46233 | G9: =IF(D9-E9>=0,0,1) -> 1 | I9: =IF(AND(D9<=0,D9-E9<0),1,0) -> 0 | O9: =E9-D9 -> 23
A10: 8 | B10: KA91050 | C10: =VLOOKUP(B10,バーコード貼付!$A$1:$D$4652,2,FALSE) -> 2”(50)ﾎﾞｰﾙｷﾝｸﾞｽﾄﾝ用ｴﾙﾎﾞﾌﾗﾝｼﾞのみ | D10: =VLOOKUP(B10,バーコード貼付!$A$1:$D$4652,3,FALSE) -> 30 | E10: 31 | F10: 46280 | G10: =IF(D10-E10>=0,0,1) -> 1 | I10: =IF(AND(D10<=0,D10-E10<0),1,0) -> 0 | O10: =E10-D10 -> 1
A11: 9 | B11: KA69076 | C11: =VLOOKUP(B11,バーコード貼付!$A$1:$D$4652,2,FALSE) -> 3”(76)ﾎﾞｰﾙｷﾝｸﾞｽﾄﾝ用本体(ｴﾙﾎﾞ付) | D11: =VLOOKUP(B11,バーコード貼付!$A$1:$D$4652,3,FALSE) -> 16 | E11: =VLOOKUP(B11,バーコード貼付!$A$1:$D$4652,4,FALSE) -> 20 | F11: 46280 | G11: =IF(D11-E11>=0,0,1) -> 1 | I11: =IF(AND(D11<=0,D11-E11<0),1,0) -> 0 | O11: =E11-D11 -> 4
A12: 10 | B12: KA65038 | C12: =VLOOKUP(B12,バーコード貼付!$A$1:$D$4652,2,FALSE) -> 11/2(38)ﾎｰｽ配管ﾎﾞｰﾙ型ｷﾝｸﾞｽﾄﾝ用本体 | D12: =VLOOKUP(B12,バーコード貼付!$A$1:$D$4652,3,FALSE) -> 45 | E12: 49 | F12: 46290 | G12: =IF(D12-E12>=0,0,1) -> 1 | I12: =IF(AND(D12<=0,D12-E12<0),1,0) -> 0 | O12: =E12-D12 -> 4
A13: 11 | B13: KA65050 | C13: =VLOOKUP(B13,バーコード貼付!$A$1:$D$4652,2,FALSE) -> 2”(50)ﾎｰｽ配管ﾎﾞｰﾙ型ｷﾝｸﾞｽﾄﾝ用本体 | D13: =VLOOKUP(B13,バーコード貼付!$A$1:$D$4652,3,FALSE) -> 102 | E13: 86 | G13: =IF(D13-E13>=0,0,1) -> 0 | I13: =IF(AND(D13<=0,D13-E13<0),1,0) -> 0 | O13: =E13-D13 -> -16
A14: 12 | B14: KA69050 | C14: =VLOOKUP(B14,バーコード貼付!$A$1:$D$4652,2,FALSE) -> 2”(50)ﾎﾞｰﾙｷﾝｸﾞｽﾄﾝ用本体(ｴﾙﾎﾞ付) | D14: =VLOOKUP(B14,バーコード貼付!$A$1:$D$4652,3,FALSE) -> 79 | E14: 67 | G14: =IF(D14-E14>=0,0,1) -> 0 | I14: =IF(AND(D14<=0,D14-E14<0),1,0) -> 0 | O14: =E14-D14 -> -12
A15: 13 | B15: KA69065 | C15: =VLOOKUP(B15,バーコード貼付!$A$1:$D$4652,2,FALSE) -> 65ﾎﾞｰﾙｷﾝｸﾞｽﾄﾝ用本体(ｴﾙﾎﾞ付) | D15: =VLOOKUP(B15,バーコード貼付!$A$1:$D$4652,3,FALSE) -> 84 | E15: 33 | G15: =IF(D15-E15>=0,0,1) -> 0 | I15: =IF(AND(D15<=0,D15-E15<0),1,0) -> 0 | O15: =E15-D15 -> -51
A16: 14 | B16: KA89050 | C16: =VLOOKUP(B16,バーコード貼付!$A$1:$D$4652,2,FALSE) -> 2”(50)ﾎﾞｰﾙ型ｷﾝｸﾞｽﾄﾝﾎｰｽ用ﾌﾗﾝｼﾞ | D16: =VLOOKUP(B16,バーコード貼付!$A$1:$D$4652,3,FALSE) -> 11 | E16: =VLOOKUP(B16,バーコード貼付!$A$1:$D$4652,4,FALSE) -> 10 | G16: =IF(D16-E16>=0,0,1) -> 0 | I16: =IF(AND(D16<=0,D16-E16<0),1,0) -> 0 | O16: =E16-D16 -> -1
A17: 15 | B17: KA69038 | C17: =VLOOKUP(B17,バーコード貼付!$A$1:$D$4652,2,FALSE) -> 38ﾎﾞｰﾙｷﾝｸﾞｽﾄﾝ用本体(ｴﾙﾎﾞ付) | D17: =VLOOKUP(B17,バーコード貼付!$A$1:$D$4652,3,FALSE) -> 39 | E17: 36 | G17: =IF(D17-E17>=0,0,1) -> 0 | I17: =IF(AND(D17<=0,D17-E17<0),1,0) -> 0 | O17: =E17-D17 -> -3
A18: 16 | B18: KA89065 | C18: =VLOOKUP(B18,バーコード貼付!$A$1:$D$4652,2,FALSE) -> 65ﾎﾞｰﾙ型ｷﾝｸﾞｽﾄﾝﾎｰｽ用ﾌﾗﾝｼﾞ | D18: =VLOOKUP(B18,バーコード貼付!$A$1:$D$4652,3,FALSE) -> 12 | E18: =VLOOKUP(B18,バーコード貼付!$A$1:$D$4652,4,FALSE) -> 10 | G18: =IF(D18-E18>=0,0,1) -> 0 | I18: =IF(AND(D18<=0,D18-E18<0),1,0) -> 0 | O18: =E18-D18 -> -2
A19: 17 | B19: KA97050AW | C19: =VLOOKUP(B19,バーコード貼付!$A$1:$D$4652,2,FALSE) -> 2”分離型ﾗｯﾊﾟ用網ﾌﾀのみ | D19: =VLOOKUP(B19,バーコード貼付!$A$1:$D$4652,3,FALSE) -> 28 | E19: 3 | G19: =IF(D19-E19>=0,0,1) -> 0 | I19: =IF(AND(D19<=0,D19-E19<0),1,0) -> 0 | O19: =E19-D19 -> -25
A20: 18 | B20: KA97038AW | C20: =VLOOKUP(B20,バーコード貼付!$A$1:$D$4652,2,FALSE) -> 11/2分離型ﾗｯﾊﾟ用網ﾌﾀのみ | D20: =VLOOKUP(B20,バーコード貼付!$A$1:$D$4652,3,FALSE) -> 9 | E20: 2 | G20: =IF(D20-E20>=0,0,1) -> 0 | I20: =IF(AND(D20<=0,D20-E20<0),1,0) -> 0 | O20: =E20-D20 -> -7
A21: 19 | B21: KA9103225 | C21: =VLOOKUP(B21,バーコード貼付!$A$1:$D$4652,2,FALSE) -> 32*25ﾎﾞｰﾙｷﾝｸﾞｽﾄﾝ用ｴﾙﾎﾞﾌﾗﾝｼﾞのみ | D21: =VLOOKUP(B21,バーコード貼付!$A$1:$D$4652,3,FALSE) -> 82 | E21: 8 | G21: =IF(D21-E21>=0,0,1) -> 0 | I21: =IF(AND(D21<=0,D21-E21<0),1,0) -> 0 | O21: =E21-D21 -> -74
A22: 20 | B22: KA97100AW | C22: =VLOOKUP(B22,バーコード貼付!$A$1:$D$4652,2,FALSE) -> 4”分離型ﾗｯﾊﾟ用網ﾌﾀのみ | D22: =VLOOKUP(B22,バーコード貼付!$A$1:$D$4652,3,FALSE) -> 1 | E22: 1 | G22: =IF(D22-E22>=0,0,1) -> 0 | I22: =IF(AND(D22<=0,D22-E22<0),1,0) -> 0 | O22: =E22-D22 -> 0
A23: 21 | B23: KA63065 | C23: =VLOOKUP(B23,バーコード貼付!$A$1:$D$4652,2,FALSE) -> 21/2(65)銅管ﾎﾞｰﾙ型ｷﾝｸﾞｽﾄﾝ用本体 | D23: =VLOOKUP(B23,バーコード貼付!$A$1:$D$4652,3,FALSE) -> 9 | E23: 4 | G23: =IF(D23-E23>=0,0,1) -> 0 | I23: =IF(AND(D23<=0,D23-E23<0),1,0) -> 0 | O23: =E23-D23 -> -5
A24: 22 | B24: KA89038 | C24: =VLOOKUP(B24,バーコード貼付!$A$1:$D$4652,2,FALSE) -> 38ﾎﾞｰﾙ型ｷﾝｸﾞｽﾄﾝﾎｰｽ用ﾌﾗﾝｼﾞ | D24: =VLOOKUP(B24,バーコード貼付!$A$1:$D$4652,3,FALSE) -> 17 | E24: 2 | G24: =IF(D24-E24>=0,0,1) -> 0 | I24: =IF(AND(D24<=0,D24-E24<0),1,0) -> 0 | O24: =E24-D24 -> -15
A25: 23 | B25: KA61038STW | C25: =VLOOKUP(B25,バーコード貼付!$A$1:$D$4652,2,FALSE) -> 38TA型ｷﾝｸﾞｽﾄﾝ用ﾗｯﾊﾟ蓋分離式 | D25: =VLOOKUP(B25,バーコード貼付!$A$1:$D$4652,3,FALSE) -> 224 | E25: =VLOOKUP(B25,バーコード貼付!$A$1:$D$4652,4,FALSE) -> 150 | G25: =IF(D25-E25>=0,0,1) -> 0 | I25: =IF(AND(D25<=0,D25-E25<0),1,0) -> 0 | O25: =E25-D25 -> -74
A26: 24 | B26: KA65065 | C26: =VLOOKUP(B26,バーコード貼付!$A$1:$D$4652,2,FALSE) -> 21/2(65)ﾎｰｽ配管ﾎﾞｰﾙ型ｷﾝｸﾞｽﾄﾝ用本体 | D26: =VLOOKUP(B26,バーコード貼付!$A$1:$D$4652,3,FALSE) -> 92 | E26: 23 | G26: =IF(D26-E26>=0,0,1) -> 0 | I26: =IF(AND(D26<=0,D26-E26<0),1,0) -> 0 | O26: =E26-D26 -> -69
A27: 25 | B27: KA97038AWM | C27: =VLOOKUP(B27,バーコード貼付!$A$1:$D$4652,2,FALSE) -> 11/2分離型ﾗｯﾊﾟ用網ﾌﾀのみ丸穴 | D27: =VLOOKUP(B27,バーコード貼付!$A$1:$D$4652,3,FALSE) -> 57 | E27: 37 | G27: =IF(D27-E27>=0,0,1) -> 0 | I27: =IF(AND(D27<=0,D27-E27<0),1,0) -> 0 | O27: =E27-D27 -> -20
A28: 26 | B28: KA61032STW | C28: =VLOOKUP(B28,バーコード貼付!$A$1:$D$4652,2,FALSE) -> 32TA型ｷﾝｸﾞｽﾄﾝ用ﾗｯﾊﾟ蓋分離式 | D28: =VLOOKUP(B28,バーコード貼付!$A$1:$D$4652,3,FALSE) -> 258 | E28: =VLOOKUP(B28,バーコード貼付!$A$1:$D$4652,4,FALSE) -> 80 | G28: =IF(D28-E28>=0,0,1) -> 0 | I28: =IF(AND(D28<=0,D28-E28<0),1,0) -> 0 | O28: =E28-D28 -> -178
A29: 27 | B29: KA63032 | C29: =VLOOKUP(B29,バーコード貼付!$A$1:$D$4652,2,FALSE) -> 11/4(32)銅管ﾎﾞｰﾙ型ｷﾝｸﾞｽﾄﾝ用本体 | D29: =VLOOKUP(B29,バーコード貼付!$A$1:$D$4652,3,FALSE) -> 1 | E29: 1 | G29: =IF(D29-E29>=0,0,1) -> 0 | I29: =IF(AND(D29<=0,D29-E29<0),1,0) -> 0 | O29: =E29-D29 -> 0
A30: 28 | B30: KA69045 | C30: =VLOOKUP(B30,バーコード貼付!$A$1:$D$4652,2,FALSE) -> 45ﾎﾞｰﾙｷﾝｸﾞｽﾄﾝ用本体(ｴﾙﾎﾞ付) | D30: =VLOOKUP(B30,バーコード貼付!$A$1:$D$4652,3,FALSE) -> 22 | E30: 1 | G30: =IF(D30-E30>=0,0,1) -> 0 | I30: =IF(AND(D30<=0,D30-E30<0),1,0) -> 0 | O30: =E30-D30 -> -21
A31: 29 | B31: KA89076 | C31: =VLOOKUP(B31,バーコード貼付!$A$1:$D$4652,2,FALSE) -> 3”(76)ﾎﾞｰﾙ型ｷﾝｸﾞｽﾄﾝﾎｰｽ用ﾌﾗﾝｼﾞ | D31: =VLOOKUP(B31,バーコード貼付!$A$1:$D$4652,3,FALSE) -> 85 | E31: 5 | G31: =IF(D31-E31>=0,0,1) -> 0 | I31: =IF(AND(D31<=0,D31-E31<0),1,0) -> 0 | O31: =E31-D31 -> -80
A32: 30 | B32: KA8903225 | C32: =VLOOKUP(B32,バーコード貼付!$A$1:$D$4652,2,FALSE) -> 32X25ﾎﾞｰﾙ型ｷﾝｸﾞｽﾄﾝﾎｰｽ用ﾌﾗﾝｼﾞ | D32: =VLOOKUP(B32,バーコード貼付!$A$1:$D$4652,3,FALSE) -> 2 | E32: 2 | G32: =IF(D32-E32>=0,0,1) -> 0 | I32: =IF(AND(D32<=0,D32-E32<0),1,0) -> 0 | O32: =E32-D32 -> 0
A33: 31 | B33: KA91065 | C33: =VLOOKUP(B33,バーコード貼付!$A$1:$D$4652,2,FALSE) -> 65ﾎﾞｰﾙｷﾝｸﾞｽﾄﾝ用ｴﾙﾎﾞﾌﾗﾝｼﾞのみ | D33: =VLOOKUP(B33,バーコード貼付!$A$1:$D$4652,3,FALSE) -> 44 | E33: 34 | G33: =IF(D33-E33>=0,0,1) -> 0 | I33: =IF(AND(D33<=0,D33-E33<0),1,0) -> 0 | O33: =E33-D33 -> -10
A34: 32 | B34: KA97076AWM | C34: =VLOOKUP(B34,バーコード貼付!$A$1:$D$4652,2,FALSE) -> 3”分離型ﾗｯﾊﾟ用網ﾌﾀのみ丸穴 | D34: =VLOOKUP(B34,バーコード貼付!$A$1:$D$4652,3,FALSE) -> 94 | E34: 16 | G34: =IF(D34-E34>=0,0,1) -> 0 | I34: =IF(AND(D34<=0,D34-E34<0),1,0) -> 0 | O34: =E34-D34 -> -78
A35: 33 | B35: KA61050STW | C35: =VLOOKUP(B35,バーコード貼付!$A$1:$D$4652,2,FALSE) -> 50TA型ｷﾝｸﾞｽﾄﾝ用ﾗｯﾊﾟ蓋分離式 | D35: =VLOOKUP(B35,バーコード貼付!$A$1:$D$4652,3,FALSE) -> 220 | E35: =VLOOKUP(B35,バーコード貼付!$A$1:$D$4652,4,FALSE) -> 150 | G35: =IF(D35-E35>=0,0,1) -> 0 | I35: =IF(AND(D35<=0,D35-E35<0),1,0) -> 0 | O35: =E35-D35 -> -70
A36: 34 | B36: KA90100100 | C36: =VLOOKUP(B36,バーコード貼付!$A$1:$D$4652,2,FALSE) -> 100*PT100ｷﾝｸﾞｽﾄﾝ用ねじ込みBCﾌﾗﾝｼﾞ | D36: =VLOOKUP(B36,バーコード貼付!$A$1:$D$4652,3,FALSE) -> 58 | E36: =VLOOKUP(B36,バーコード貼付!$A$1:$D$4652,4,FALSE) -> 5 | G36: =IF(D36-E36>=0,0,1) -> 0 | I36: =IF(AND(D36<=0,D36-E36<0),1,0) -> 0 | O36: =E36-D36 -> -53
A37: 35 | B37: KA97050AWM | C37: =VLOOKUP(B37,バーコード貼付!$A$1:$D$4652,2,FALSE) -> 2”分離型ﾗｯﾊﾟ用網ﾌﾀのみ丸穴 | D37: =VLOOKUP(B37,バーコード貼付!$A$1:$D$4652,3,FALSE) -> 279 | E37: =VLOOKUP(B37,バーコード貼付!$A$1:$D$4652,4,FALSE) -> 100 | G37: =IF(D37-E37>=0,0,1) -> 0 | I37: =IF(AND(D37<=0,D37-E37<0),1,0) -> 0 | O37: =E37-D37 -> -179
A38: 36 | B38: KA90038038 | C38: =VLOOKUP(B38,バーコード貼付!$A$1:$D$4652,2,FALSE) -> 38*PT38ｷﾝｸﾞｽﾄﾝ用ねじ込みBCﾌﾗﾝｼﾞ | D38: =VLOOKUP(B38,バーコード貼付!$A$1:$D$4652,3,FALSE) -> 26 | E38: =VLOOKUP(B38,バーコード貼付!$A$1:$D$4652,4,FALSE) -> 25 | G38: =IF(D38-E38>=0,0,1) -> 0 | I38: =IF(AND(D38<=0,D38-E38<0),1,0) -> 0 | O38: =E38-D38 -> -1
A39: 37 | B39: KA97065W | C39: =VLOOKUP(B39,バーコード貼付!$A$1:$D$4652,2,FALSE) -> 65ｽｰﾊﾟｰｷﾝｸﾞｽﾄﾝ用ﾗｯﾊﾟ部蓋分離式 | D39: =VLOOKUP(B39,バーコード貼付!$A$1:$D$4652,3,FALSE) -> 228 | E39: =VLOOKUP(B39,バーコード貼付!$A$1:$D$4652,4,FALSE) -> 50 | G39: =IF(D39-E39>=0,0,1) -> 0 | I39: =IF(AND(D39<=0,D39-E39<0),1,0) -> 0 | O39: =E39-D39 -> -178
A40: 38 | B40: KA97038W | C40: =VLOOKUP(B40,バーコード貼付!$A$1:$D$4652,2,FALSE) -> 38ｽｰﾊﾟｰｷﾝｸﾞｽﾄﾝ用ﾗｯﾊﾟ部蓋分離式 | D40: =VLOOKUP(B40,バーコード貼付!$A$1:$D$4652,3,FALSE) -> 137 | E40: =VLOOKUP(B40,バーコード貼付!$A$1:$D$4652,4,FALSE) -> 70 | G40: =IF(D40-E40>=0,0,1) -> 0 | I40: =IF(AND(D40<=0,D40-E40<0),1,0) -> 0 | O40: =E40-D40 -> -67
A41: 39 | B41: KA97019T | C41: =VLOOKUP(B41,バーコード貼付!$A$1:$D$4652,2,FALSE) -> 3/4(19)FRP船ｷﾝｸﾞｽﾄﾝ用ﾗｯﾊﾟ縦目型 | D41: =VLOOKUP(B41,バーコード貼付!$A$1:$D$4652,3,FALSE) -> 136 | E41: =VLOOKUP(B41,バーコード貼付!$A$1:$D$4652,4,FALSE) -> 20 | G41: =IF(D41-E41>=0,0,1) -> 0 | I41: =IF(AND(D41<=0,D41-E41<0),1,0) -> 0 | O41: =E41-D41 -> -116
A42: 40 | B42: KA97025T | C42: =VLOOKUP(B42,バーコード貼付!$A$1:$D$4652,2,FALSE) -> 1”(25)FRP船ｷﾝｸﾞｽﾄﾝ用ﾗｯﾊﾟ縦目型 | D42: =VLOOKUP(B42,バーコード貼付!$A$1:$D$4652,3,FALSE) -> 131 | E42: =VLOOKUP(B42,バーコード貼付!$A$1:$D$4652,4,FALSE) -> 30 | G42: =IF(D42-E42>=0,0,1) -> 0 | I42: =IF(AND(D42<=0,D42-E42<0),1,0) -> 0 | O42: =E42-D42 -> -101
A43: 41 | B43: KA97032W | C43: =VLOOKUP(B43,バーコード貼付!$A$1:$D$4652,2,FALSE) -> 32ｽｰﾊﾟｰｷﾝｸﾞｽﾄﾝ用ﾗｯﾊﾟ部蓋分離式 | D43: =VLOOKUP(B43,バーコード貼付!$A$1:$D$4652,3,FALSE) -> 198 | E43: =VLOOKUP(B43,バーコード貼付!$A$1:$D$4652,4,FALSE) -> 60 | G43: =IF(D43-E43>=0,0,1) -> 0 | I43: =IF(AND(D43<=0,D43-E43<0),1,0) -> 0 | O43: =E43-D43 -> -138
A44: 42 | B44: KA97050W | C44: =VLOOKUP(B44,バーコード貼付!$A$1:$D$4652,2,FALSE) -> 2”(50)ｽｰﾊﾟｰｷﾝｸﾞｽﾄﾝ用ﾗｯﾊﾟ部蓋分離式 | D44: =VLOOKUP(B44,バーコード貼付!$A$1:$D$4652,3,FALSE) -> 175 | E44: =VLOOKUP(B44,バーコード貼付!$A$1:$D$4652,4,FALSE) -> 60 | G44: =IF(D44-E44>=0,0,1) -> 0 | I44: =IF(AND(D44<=0,D44-E44<0),1,0) -> 0 | O44: =E44-D44 -> -115
A45: 43 | B45: KA97076W | C45: =VLOOKUP(B45,バーコード貼付!$A$1:$D$4652,2,FALSE) -> 3”(76)ｽｰﾊﾟｰｷﾝｸﾞｽﾄﾝ用ﾗｯﾊﾟ部蓋分離式 | D45: =VLOOKUP(B45,バーコード貼付!$A$1:$D$4652,3,FALSE) -> 83 | E45: =VLOOKUP(B45,バーコード貼付!$A$1:$D$4652,4,FALSE) -> 40 | G45: =IF(D45-E45>=0,0,1) -> 0 | I45: =IF(AND(D45<=0,D45-E45<0),1,0) -> 0 | O45: =E45-D45 -> -43
A46: 44 | B46: KA97100W | C46: =VLOOKUP(B46,バーコード貼付!$A$1:$D$4652,2,FALSE) -> 4”ｽｰﾊﾟｰｷﾝｸﾞｽﾄﾝ用ﾗｯﾊﾟ部蓋分離式 | D46: =VLOOKUP(B46,バーコード貼付!$A$1:$D$4652,3,FALSE) -> 18 | E46: =VLOOKUP(B46,バーコード貼付!$A$1:$D$4652,4,FALSE) -> 3 | G46: =IF(D46-E46>=0,0,1) -> 0 | I46: =IF(AND(D46<=0,D46-E46<0),1,0) -> 0 | O46: =E46-D46 -> -15
... A57: 55 | B57: KA90076076 | C57: =VLOOKUP(B57,バーコード貼付!$A$1:$D$4652,2,FALSE) -> 76*PT76ｷﾝｸﾞｽﾄﾝ用ねじ込みBCﾌﾗﾝｼﾞ | D57: =VLOOKUP(B57,バーコード貼付!$A$1:$D$4652,3,FALSE) -> 44 | E57: =VLOOKUP(B57,バーコード貼付!$A$1:$D$4652,4,FALSE) -> 5 | G57: =IF(D57-E57>=0,0,1) -> 0 | I57: =IF(AND(D57<=0,D57-E57<0),1,0) -> 0 | O57: =E57-D57 -> -39
A58: 56 | B58: KA88100 | C58: =VLOOKUP(B58,バーコード貼付!$A$1:$D$4652,2,FALSE) -> 4”(100)ﾎﾞｰﾙ型ｷﾝｸﾞｽﾄﾝ銅管用ﾌﾗﾝｼﾞのみ | D58: =VLOOKUP(B58,バーコード貼付!$A$1:$D$4652,3,FALSE) -> 3 | E58: 3 | G58: =IF(D58-E58>=0,0,1) -> 0 | I58: =IF(AND(D58<=0,D58-E58<0),1,0) -> 0 | O58: =E58-D58 -> 0
A59: 57 | B59: KA63076 | C59: =VLOOKUP(B59,バーコード貼付!$A$1:$D$4652,2,FALSE) -> 3”(76)銅管ﾎﾞｰﾙ型ｷﾝｸﾞｽﾄﾝ用本体 | D59: =VLOOKUP(B59,バーコード貼付!$A$1:$D$4652,3,FALSE) -> 102 | E59: =VLOOKUP(B59,バーコード貼付!$A$1:$D$4652,4,FALSE) -> 100 | G59: =IF(D59-E59>=0,0,1) -> 0 | I59: =IF(AND(D59<=0,D59-E59<0),1,0) -> 0 | O59: =E59-D59 -> -2
A60: 58 | B60: KA63045 | C60: =VLOOKUP(B60,バーコード貼付!$A$1:$D$4652,2,FALSE) -> 13/4(45)銅管ﾎﾞｰﾙ型ｷﾝｸﾞｽﾄﾝ用本体 | D60: =VLOOKUP(B60,バーコード貼付!$A$1:$D$4652,3,FALSE) -> 16 | E60: 2 | G60: =IF(D60-E60>=0,0,1) -> 0 | I60: =IF(AND(D60<=0,D60-E60<0),1,0) -> 0 | O60: =E60-D60 -> -14
A61: 59 | B61: KA89032 | C61: =VLOOKUP(B61,バーコード貼付!$A$1:$D$4652,2,FALSE) -> 32ﾎﾞｰﾙ型ｷﾝｸﾞｽﾄﾝﾎｰｽ用ﾌﾗﾝｼﾞ | D61: =VLOOKUP(B61,バーコード貼付!$A$1:$D$4652,3,FALSE) -> 108 | E61: =VLOOKUP(B61,バーコード貼付!$A$1:$D$4652,4,FALSE) -> 10 | G61: =IF(D61-E61>=0,0,1) -> 0 | I61: =IF(AND(D61<=0,D61-E61<0),1,0) -> 0 | O61: =E61-D61 -> -98
A62: 60 | B62: KA65025 | C62: =VLOOKUP(B62,バーコード貼付!$A$1:$D$4652,2,FALSE) -> 1”(25)ﾎｰｽ配管ﾎﾞｰﾙ型ｷﾝｸﾞｽﾄﾝ用本体 | D62: =VLOOKUP(B62,バーコード貼付!$A$1:$D$4652,3,FALSE) -> 105 | E62: 98 | G62: =IF(D62-E62>=0,0,1) -> 0 | I62: =IF(AND(D62<=0,D62-E62<0),1,0) -> 0 | O62: =E62-D62 -> -7
A63: 61 | B63: KA61019 | C63: =VLOOKUP(B63,バーコード貼付!$A$1:$D$4652,2,FALSE) -> 3/4(19)TB型高速型ｷﾝｸﾞｽﾄﾝ用ｽﾄﾚｰﾅｰ | D63: =VLOOKUP(B63,バーコード貼付!$A$1:$D$4652,3,FALSE) -> 165 | E63: =VLOOKUP(B63,バーコード貼付!$A$1:$D$4652,4,FALSE) -> 15 | G63: =IF(D63-E63>=0,0,1) -> 0 | I63: =IF(AND(D63<=0,D63-E63<0),1,0) -> 0 | O63: =E63-D63 -> -150
A64: 62 | B64: KA69032 | C64: =VLOOKUP(B64,バーコード貼付!$A$1:$D$4652,2,FALSE) -> 32ﾎﾞｰﾙｷﾝｸﾞｽﾄﾝ用本体(ｴﾙﾎﾞ付) | D64: =VLOOKUP(B64,バーコード貼付!$A$1:$D$4652,3,FALSE) -> 45 | E64: 33 | G64: =IF(D64-E64>=0,0,1) -> 0 | I64: =IF(AND(D64<=0,D64-E64<0),1,0) -> 0 | O64: =E64-D64 -> -12
A65: 63 | B65: KA63100 | C65: =VLOOKUP(B65,バーコード貼付!$A$1:$D$4652,2,FALSE) -> 4”(100)銅管ﾎﾞｰﾙ型ｷﾝｸﾞｽﾄﾝ用本体 | D65: =VLOOKUP(B65,バーコード貼付!$A$1:$D$4652,3,FALSE) -> 6 | E65: 2 | G65: =IF(D65-E65>=0,0,1) -> 0 | I65: =IF(AND(D65<=0,D65-E65<0),1,0) -> 0 | O65: =E65-D65 -> -4
A66: 64 | B66: KA65045 | C66: =VLOOKUP(B66,バーコード貼付!$A$1:$D$4652,2,FALSE) -> 13/4(45)ﾎｰｽ配管ﾎﾞｰﾙ型ｷﾝｸﾞｽﾄﾝ用本体 | D66: =VLOOKUP(B66,バーコード貼付!$A$1:$D$4652,3,FALSE) -> 85 | E66: 5 | G66: =IF(D66-E66>=0,0,1) -> 0 | I66: =IF(AND(D66<=0,D66-E66<0),1,0) -> 0 | O66: =E66-D66 -> -80
A67: 65 | B67: KA91045 | C67: =VLOOKUP(B67,バーコード貼付!$A$1:$D$4652,2,FALSE) -> 45ﾎﾞｰﾙｷﾝｸﾞｽﾄﾝ用ｴﾙﾎﾞﾌﾗﾝｼﾞのみ | D67: =VLOOKUP(B67,バーコード貼付!$A$1:$D$4652,3,FALSE) -> 6 | E67: 2 | G67: =IF(D67-E67>=0,0,1) -> 0 | I67: =IF(AND(D67<=0,D67-E67<0),1,0) -> 0 | O67: =E67-D67 -> -4
A68: 66 | B68: KA63038 | C68: =VLOOKUP(B68,バーコード貼付!$A$1:$D$4652,2,FALSE) -> 11/2(38)銅管ﾎﾞｰﾙ型ｷﾝｸﾞｽﾄﾝ用本体 | D68: =VLOOKUP(B68,バーコード貼付!$A$1:$D$4652,3,FALSE) -> 11 | E68: 5 | G68: =IF(D68-E68>=0,0,1) -> 0 | I68: =IF(AND(D68<=0,D68-E68<0),1,0) -> 0 | O68: =E68-D68 -> -6
A69: 67 | B69: KA89045 | C69: =VLOOKUP(B69,バーコード貼付!$A$1:$D$4652,2,FALSE) -> 45ﾎﾞｰﾙ型ｷﾝｸﾞｽﾄﾝﾎｰｽ用ﾌﾗﾝｼﾞ | D69: =VLOOKUP(B69,バーコード貼付!$A$1:$D$4652,3,FALSE) -> 31 | E69: 2 | G69: =IF(D69-E69>=0,0,1) -> 0 | I69: =IF(AND(D69<=0,D69-E69<0),1,0) -> 0 | O69: =E69-D69 -> -29
A70: 68 | B70: KA65100 | C70: =VLOOKUP(B70,バーコード貼付!$A$1:$D$4652,2,FALSE) -> 4”(100)ﾎｰｽ配管ﾎﾞｰﾙ型ｷﾝｸﾞｽﾄﾝ用本体 | D70: =VLOOKUP(B70,バーコード貼付!$A$1:$D$4652,3,FALSE) -> 36 | E70: =VLOOKUP(B70,バーコード貼付!$A$1:$D$4652,4,FALSE) -> 2 | G70: =IF(D70-E70>=0,0,1) -> 0 | I70: =IF(AND(D70<=0,D70-E70<0),1,0) -> 0 | O70: =E70-D70 -> -34
A71: 69 | B71: KA88065 | C71: =VLOOKUP(B71,バーコード貼付!$A$1:$D$4652,2,FALSE) -> 65ﾎﾞｰﾙ型ｷﾝｸﾞｽﾄﾝ銅管用ﾌﾗﾝｼﾞのみ | D71: =VLOOKUP(B71,バーコード貼付!$A$1:$D$4652,3,FALSE) -> 73 | E71: =VLOOKUP(B71,バーコード貼付!$A$1:$D$4652,4,FALSE) -> 20 | G71: =IF(D71-E71>=0,0,1) -> 0 | I71: =IF(AND(D71<=0,D71-E71<0),1,0) -> 0 | O71: =E71-D71 -> -53
A72: 70 | B72: KA97032AW | C72: =VLOOKUP(B72,バーコード貼付!$A$1:$D$4652,2,FALSE) -> 11/4分離型ﾗｯﾊﾟ用網ﾌﾀのみ | D72: =VLOOKUP(B72,バーコード貼付!$A$1:$D$4652,3,FALSE) -> 19 | E72: 1 | G72: =IF(D72-E72>=0,0,1) -> 0 | I72: =IF(AND(D72<=0,D72-E72<0),1,0) -> 0 | O72: =E72-D72 -> -18
A73: 71 | B73: KA65016 | C73: =VLOOKUP(B73,バーコード貼付!$A$1:$D$4652,2,FALSE) -> 19*16ﾎｰｽ配管ﾎﾞｰﾙ型ｷﾝｸﾞｽﾄﾝ用本体 | D73: =VLOOKUP(B73,バーコード貼付!$A$1:$D$4652,3,FALSE) -> 16 | E73: =VLOOKUP(B73,バーコード貼付!$A$1:$D$4652,4,FALSE) -> 10 | G73: =IF(D73-E73>=0,0,1) -> 0 | I73: =IF(AND(D73<=0,D73-E73<0),1,0) -> 0 | O73: =E73-D73 -> -6
A74: 72 | B74: KA97065AW | C74: =VLOOKUP(B74,バーコード貼付!$A$1:$D$4652,2,FALSE) -> 21/2分離型ﾗｯﾊﾟ用網ﾌﾀのみ | D74: =VLOOKUP(B74,バーコード貼付!$A$1:$D$4652,3,FALSE) -> 36 | E74: 1 | G74: =IF(D74-E74>=0,0,1) -> 0 | I74: =IF(AND(D74<=0,D74-E74<0),1,0) -> 0 | O74: =E74-D74 -> -35
A75: 73 | B75: KA97076AW | C75: =VLOOKUP(B75,バーコード貼付!$A$1:$D$4652,2,FALSE) -> 3”分離型ﾗｯﾊﾟ用網ﾌﾀのみ | D75: =VLOOKUP(B75,バーコード貼付!$A$1:$D$4652,3,FALSE) -> 10 | E75: 1 | G75: =IF(D75-E75>=0,0,1) -> 0 | I75: =IF(AND(D75<=0,D75-E75<0),1,0) -> 0 | O75: =E75-D75 -> -9
A76: 74 | B76: KA8905045 | C76: =VLOOKUP(B76,バーコード貼付!$A$1:$D$4652,2,FALSE) -> 50*45ﾎﾞｰﾙ型ｷﾝｸﾞｽﾄﾝﾎｰｽ用ﾌﾗﾝｼﾞ | D76: =VLOOKUP(B76,バーコード貼付!$A$1:$D$4652,3,FALSE) -> 33 | E76: =VLOOKUP(B76,バーコード貼付!$A$1:$D$4652,4,FALSE) -> 10 | G76: =IF(D76-E76>=0,0,1) -> 0 | I76: =IF(AND(D76<=0,D76-E76<0),1,0) -> 0 | O76: =E76-D76 -> -23
A77: 75 | B77: KA97012 | C77: =VLOOKUP(B77,バーコード貼付!$A$1:$D$4652,2,FALSE) -> 1/2(13)FRP船ｷﾝｸﾞｽﾄﾝ用ﾗｯﾊﾟ | D77: =VLOOKUP(B77,バーコード貼付!$A$1:$D$4652,3,FALSE) -> 27 | E77: =VLOOKUP(B77,バーコード貼付!$A$1:$D$4652,4,FALSE) -> 10 | G77: =IF(D77-E77>=0,0,1) -> 0 | I77: =IF(AND(D77<=0,D77-E77<0),1,0) -> 0 | O77: =E77-D77 -> -17
A78: 76 | B78: KA61019ST | C78: =VLOOKUP(B78,バーコード貼付!$A$1:$D$4652,2,FALSE) -> 3/4(19)TA型高速吸水式ｷﾝｸﾞｽﾄﾝ用ﾗｯﾊﾟ | D78: =VLOOKUP(B78,バーコード貼付!$A$1:$D$4652,3,FALSE) -> 189 | E78: =VLOOKUP(B78,バーコード貼付!$A$1:$D$4652,4,FALSE) -> 10 | G78: =IF(D78-E78>=0,0,1) -> 0 | I78: =IF(AND(D78<=0,D78-E78<0),1,0) -> 0 | O78: =E78-D78 -> -179
A79: 77 | B79: KA61025ST | C79: =VLOOKUP(B79,バーコード貼付!$A$1:$D$4652,2,FALSE) -> 1”(25)TA型高速吸水式ｷﾝｸﾞｽﾄﾝ用ﾗｯﾊﾟ | D79: =VLOOKUP(B79,バーコード貼付!$A$1:$D$4652,3,FALSE) -> 227 | E79: =VLOOKUP(B79,バーコード貼付!$A$1:$D$4652,4,FALSE) -> 30 | G79: =IF(D79-E79>=0,0,1) -> 0 | I79: =IF(AND(D79<=0,D79-E79<0),1,0) -> 0 | O79: =E79-D79 -> -197
A80: 78 | B80: KA61045ST | C80: =VLOOKUP(B80,バーコード貼付!$A$1:$D$4652,2,FALSE) -> 13/4(45)TA型高速吸水式ｷﾝｸﾞｽﾄﾝ用ﾗｯﾊﾟ | D80: =VLOOKUP(B80,バーコード貼付!$A$1:$D$4652,3,FALSE) -> 104 | E80: =VLOOKUP(B80,バーコード貼付!$A$1:$D$4652,4,FALSE) -> 5 | G80: =IF(D80-E80>=0,0,1) -> 0 | I80: =IF(AND(D80<=0,D80-E80<0),1,0) -> 0 | O80: =E80-D80 -> -99
A81: 79 | B81: KA61012 | C81: =VLOOKUP(B81,バーコード貼付!$A$1:$D$4652,2,FALSE) -> 1/2(12)TB型高速型ｷﾝｸﾞｽﾄﾝ用ｽﾄﾚｰﾅｰ | D81: =VLOOKUP(B81,バーコード貼付!$A$1:$D$4652,3,FALSE) -> 81 | E81: =VLOOKUP(B81,バーコード貼付!$A$1:$D$4652,4,FALSE) -> 5 | G81: =IF(D81-E81>=0,0,1) -> 0 | I81: =IF(AND(D81<=0,D81-E81<0),1,0) -> 0 | O81: =E81-D81 -> -76
A82: 80 | B82: KA61025 | C82: =VLOOKUP(B82,バーコード貼付!$A$1:$D$4652,2,FALSE) -> 1”(25)TB型高速型ｷﾝｸﾞｽﾄﾝ用ｽﾄﾚｰﾅｰ | D82: =VLOOKUP(B82,バーコード貼付!$A$1:$D$4652,3,FALSE) -> 60 | E82: =VLOOKUP(B82,バーコード貼付!$A$1:$D$4652,4,FALSE) -> 20 | G82: =IF(D82-E82>=0,0,1) -> 0 | I82: =IF(AND(D82<=0,D82-E82<0),1,0) -> 0 | O82: =E82-D82 -> -40
A83: 81 | B83: KA61032 | C83: =VLOOKUP(B83,バーコード貼付!$A$1:$D$4652,2,FALSE) -> 32TB型高速型ｷﾝｸﾞｽﾄﾝ用ｽﾄﾚｰﾅｰ | D83: =VLOOKUP(B83,バーコード貼付!$A$1:$D$4652,3,FALSE) -> 173 | E83: =VLOOKUP(B83,バーコード貼付!$A$1:$D$4652,4,FALSE) -> 20 | G83: =IF(D83-E83>=0,0,1) -> 0 | I83: =IF(AND(D83<=0,D83-E83<0),1,0) -> 0 | O83: =E83-D83 -> -153
A84: 82 | B84: KA61038 | C84: =VLOOKUP(B84,バーコード貼付!$A$1:$D$4652,2,FALSE) -> 38TB型高速型ｷﾝｸﾞｽﾄﾝ用ｽﾄﾚｰﾅｰ | D84: =VLOOKUP(B84,バーコード貼付!$A$1:$D$4652,3,FALSE) -> 163 | E84: =VLOOKUP(B84,バーコード貼付!$A$1:$D$4652,4,FALSE) -> 20 | G84: =IF(D84-E84>=0,0,1) -> 0 | I84: =IF(AND(D84<=0,D84-E84<0),1,0) -> 0 | O84: =E84-D84 -> -143
A85: 83 | B85: KA61050 | C85: =VLOOKUP(B85,バーコード貼付!$A$1:$D$4652,2,FALSE) -> 2”(50)TB型高速型ｷﾝｸﾞｽﾄﾝ用ｽﾄﾚｰﾅｰ | D85: =VLOOKUP(B85,バーコード貼付!$A$1:$D$4652,3,FALSE) -> 80 | E85: =VLOOKUP(B85,バーコード貼付!$A$1:$D$4652,4,FALSE) -> 10 | G85: =IF(D85-E85>=0,0,1) -> 0 | I85: =IF(AND(D85<=0,D85-E85<0),1,0) -> 0 | O85: =E85-D85 -> -70
A86: 84 | B86: KA61065 | C86: =VLOOKUP(B86,バーコード貼付!$A$1:$D$4652,2,FALSE) -> 65TB型高速型ｷﾝｸﾞｽﾄﾝ用ｽﾄﾚｰﾅｰ | D86: =VLOOKUP(B86,バーコード貼付!$A$1:$D$4652,3,FALSE) -> 14 | E86: =VLOOKUP(B86,バーコード貼付!$A$1:$D$4652,4,FALSE) -> 5 | G86: =IF(D86-E86>=0,0,1) -> 0 | I86: =IF(AND(D86<=0,D86-E86<0),1,0) -> 0 | O86: =E86-D86 -> -9
A87: 85 | B87: KA63019 | C87: =VLOOKUP(B87,バーコード貼付!$A$1:$D$4652,2,FALSE) -> 3/4(19)銅管ﾎﾞｰﾙ型ｷﾝｸﾞｽﾄﾝ用本体 | D87: =VLOOKUP(B87,バーコード貼付!$A$1:$D$4652,3,FALSE) -> 21 | E87: =VLOOKUP(B87,バーコード貼付!$A$1:$D$4652,4,FALSE) -> 10 | G87: =IF(D87-E87>=0,0,1) -> 0 | I87: =IF(AND(D87<=0,D87-E87<0),1,0) -> 0 | O87: =E87-D87 -> -11
... A100: 98 | B100: KA91100 | C100: =VLOOKUP(B100,バーコード貼付!$A$1:$D$4652,2,FALSE) -> 4”(100)ﾎﾞｰﾙｷﾝｸﾞｽﾄﾝ用ｴﾙﾎﾞﾌﾗﾝｼﾞのみ | D100: =VLOOKUP(B100,バーコード貼付!$A$1:$D$4652,3,FALSE) -> 41 | E100: =VLOOKUP(B100,バーコード貼付!$A$1:$D$4652,4,FALSE) -> 5 | G100: =IF(D100-E100>=0,0,1) -> 0 | I100: =IF(AND(D100<=0,D100-E100<0),1,0) -> 0 | O100: =E100-D100 -> -36
B101: KA97050T | C101: =VLOOKUP(B101,バーコード貼付!$A$1:$D$4652,2,FALSE) -> #N/A | D101: =VLOOKUP(B101,バーコード貼付!$A$1:$D$4652,3,FALSE) -> #N/A
B102: KA97076T | C102: =VLOOKUP(B102,バーコード貼付!$A$1:$D$4652,2,FALSE) -> #N/A | D102: =VLOOKUP(B102,バーコード貼付!$A$1:$D$4652,3,FALSE) -> #N/A
B103: KA97100T | C103: =VLOOKUP(B103,バーコード貼付!$A$1:$D$4652,2,FALSE) -> #N/A | D103: =VLOOKUP(B103,バーコード貼付!$A$1:$D$4652,3,FALSE) -> #N/A
B104: KA61038ST | C104: =VLOOKUP(B104,バーコード貼付!$A$1:$D$4652,2,FALSE) -> #N/A | D104: =VLOOKUP(B104,バーコード貼付!$A$1:$D$4652,3,FALSE) -> #N/A
B105: KA61076ST | C105: =VLOOKUP(B105,バーコード貼付!$A$1:$D$4652,2,FALSE) -> #N/A | D105: =VLOOKUP(B105,バーコード貼付!$A$1:$D$4652,3,FALSE) -> #N/A
B106: KH04009 | C106: =VLOOKUP(B106,バーコード貼付!$A$1:$D$4652,2,FALSE) -> #N/A | D106: =VLOOKUP(B106,バーコード貼付!$A$1:$D$4652,3,FALSE) -> #N/A
B107: KH04019 | C107: =VLOOKUP(B107,バーコード貼付!$A$1:$D$4652,2,FALSE) -> #N/A | D107: =VLOOKUP(B107,バーコード貼付!$A$1:$D$4652,3,FALSE) -> #N/A
B108: KH04032 | C108: =VLOOKUP(B108,バーコード貼付!$A$1:$D$4652,2,FALSE) -> #N/A | D108: =VLOOKUP(B108,バーコード貼付!$A$1:$D$4652,3,FALSE) -> #N/A
B109: KH04050 | C109: =VLOOKUP(B109,バーコード貼付!$A$1:$D$4652,2,FALSE) -> #N/A | D109: =VLOOKUP(B109,バーコード貼付!$A$1:$D$4652,3,FALSE) -> #N/A
B110: KH04065 | C110: =VLOOKUP(B110,バーコード貼付!$A$1:$D$4652,2,FALSE) -> #N/A | D110: =VLOOKUP(B110,バーコード貼付!$A$1:$D$4652,3,FALSE) -> #N/A

Sheet 5
F1: =TODAY()-90 -> 46203
A2: 番号 | B2: コード | C2: 5.シール類 | D2: 在庫数 | E2: 発注点 | F2: 発注点割れ | G2: =SUM(G3:G19) -> 2 | H2: 在庫欠品 | I2: =SUM(I3:I19) -> 0 | P2: =P1+1 -> 1
A3: 1 | B3: TQ09050 | C3: =VLOOKUP(B3,バーコード貼付!$A$1:$D$4652,2,FALSE) -> 50ｼｰﾙｽﾀﾝ用ﾀﾞｲﾔﾌﾗﾑ | D3: =VLOOKUP(B3,バーコード貼付!$A$1:$D$4652,3,FALSE) -> 17 | E3: =VLOOKUP(B3,バーコード貼付!$A$1:$D$4652,4,FALSE) -> 30 | F3: 46259 | G3: =IF(D3-E3>=0,0,1) -> 1 | I3: =IF(AND(D3<=0,D3-E3<0),1,0) -> 0 | O3: =E3-D3 -> 13
A4: 2 | B4: TQ09065 | C4: =VLOOKUP(B4,バーコード貼付!$A$1:$D$4652,2,FALSE) -> 65ｼｰﾙｽﾀﾝ用ﾀﾞｲﾔﾌﾗﾑ | D4: =VLOOKUP(B4,バーコード貼付!$A$1:$D$4652,3,FALSE) -> 26 | E4: =VLOOKUP(B4,バーコード貼付!$A$1:$D$4652,4,FALSE) -> 30 | F4: 46274 | G4: =IF(D4-E4>=0,0,1) -> 1 | I4: =IF(AND(D4<=0,D4-E4<0),1,0) -> 0 | O4: =E4-D4 -> 4
A5: 3 | B5: TQ09070 | C5: =VLOOKUP(B5,バーコード貼付!$A$1:$D$4652,2,FALSE) -> 70ｼｰﾙｽﾀﾝ用ﾀﾞｲﾔﾌﾗﾑ | D5: =VLOOKUP(B5,バーコード貼付!$A$1:$D$4652,3,FALSE) -> 37 | E5: =VLOOKUP(B5,バーコード貼付!$A$1:$D$4652,4,FALSE) -> 30 | G5: =IF(D5-E5>=0,0,1) -> 0 | I5: =IF(AND(D5<=0,D5-E5<0),1,0) -> 0 | O5: =E5-D5 -> -7
A6: 4 | B6: TQ09055 | C6: =VLOOKUP(B6,バーコード貼付!$A$1:$D$4652,2,FALSE) -> 55ｼｰﾙｽﾀﾝ用ﾀﾞｲﾔﾌﾗﾑ | D6: =VLOOKUP(B6,バーコード貼付!$A$1:$D$4652,3,FALSE) -> 29 | E6: 15 | G6: =IF(D6-E6>=0,0,1) -> 0 | I6: =IF(AND(D6<=0,D6-E6<0),1,0) -> 0 | O6: =E6-D6 -> -14
A7: 5 | B7: TQ09075 | C7: =VLOOKUP(B7,バーコード貼付!$A$1:$D$4652,2,FALSE) -> 75ｼｰﾙｽﾀﾝ用ﾀﾞｲﾔﾌﾗﾑ | D7: =VLOOKUP(B7,バーコード貼付!$A$1:$D$4652,3,FALSE) -> 40 | E7: =VLOOKUP(B7,バーコード貼付!$A$1:$D$4652,4,FALSE) -> 30 | G7: =IF(D7-E7>=0,0,1) -> 0 | I7: =IF(AND(D7<=0,D7-E7<0),1,0) -> 0 | O7: =E7-D7 -> -10
A8: 6 | B8: TQ09040 | C8: =VLOOKUP(B8,バーコード貼付!$A$1:$D$4652,2,FALSE) -> 40ｼｰﾙｽﾀﾝ用ﾀﾞｲﾔﾌﾗﾑ | D8: =VLOOKUP(B8,バーコード貼付!$A$1:$D$4652,3,FALSE) -> 31 | E8: 15 | G8: =IF(D8-E8>=0,0,1) -> 0 | I8: =IF(AND(D8<=0,D8-E8<0),1,0) -> 0 | O8: =E8-D8 -> -16
A9: 7 | B9: TQ09060 | C9: =VLOOKUP(B9,バーコード貼付!$A$1:$D$4652,2,FALSE) -> 60ｼｰﾙｽﾀﾝ用ﾀﾞｲﾔﾌﾗﾑ | D9: =VLOOKUP(B9,バーコード貼付!$A$1:$D$4652,3,FALSE) -> 31 | E9: =VLOOKUP(B9,バーコード貼付!$A$1:$D$4652,4,FALSE) -> 30 | G9: =IF(D9-E9>=0,0,1) -> 0 | I9: =IF(AND(D9<=0,D9-E9<0),1,0) -> 0 | O9: =E9-D9 -> -1
A10: 8 | B10: TQ09110 | C10: =VLOOKUP(B10,バーコード貼付!$A$1:$D$4652,2,FALSE) -> 110ｼｰﾙｽﾀﾝ用ﾀﾞｲﾔﾌﾗﾑ | D10: =VLOOKUP(B10,バーコード貼付!$A$1:$D$4652,3,FALSE) -> 23 | E10: 13 | G10: =IF(D10-E10>=0,0,1) -> 0 | I10: =IF(AND(D10<=0,D10-E10<0),1,0) -> 0 | O10: =E10-D10 -> -10
A11: 9 | B11: TSL22130 | C11: =VLOOKUP(B11,バーコード貼付!$A$1:$D$4652,2,FALSE) -> TSL-1302型ﾀﾞｲﾔﾌﾗﾑ | D11: =VLOOKUP(B11,バーコード貼付!$A$1:$D$4652,3,FALSE) -> 18 | E11: 10 | G11: =IF(D11-E11>=0,0,1) -> 0 | I11: =IF(AND(D11<=0,D11-E11<0),1,0) -> 0 | O11: =E11-D11 -> -8
A12: 10 | B12: TSL22120 | C12: =VLOOKUP(B12,バーコード貼付!$A$1:$D$4652,2,FALSE) -> TSL-1202型ﾀﾞｲﾔﾌﾗﾑ | D12: =VLOOKUP(B12,バーコード貼付!$A$1:$D$4652,3,FALSE) -> 17 | E12: 9 | G12: =IF(D12-E12>=0,0,1) -> 0 | I12: =IF(AND(D12<=0,D12-E12<0),1,0) -> 0 | O12: =E12-D12 -> -8
A13: 11 | B13: TQ09045 | C13: =VLOOKUP(B13,バーコード貼付!$A$1:$D$4652,2,FALSE) -> 45ｼｰﾙｽﾀﾝ用ﾀﾞｲﾔﾌﾗﾑ | D13: =VLOOKUP(B13,バーコード貼付!$A$1:$D$4652,3,FALSE) -> 20 | E13: 9 | G13: =IF(D13-E13>=0,0,1) -> 0 | I13: =IF(AND(D13<=0,D13-E13<0),1,0) -> 0 | O13: =E13-D13 -> -11
A14: 12 | B14: TQ09085 | C14: =VLOOKUP(B14,バーコード貼付!$A$1:$D$4652,2,FALSE) -> 85ｼｰﾙｽﾀﾝ用ﾀﾞｲﾔﾌﾗﾑ | D14: =VLOOKUP(B14,バーコード貼付!$A$1:$D$4652,3,FALSE) -> 14 | E14: 8 | G14: =IF(D14-E14>=0,0,1) -> 0 | I14: =IF(AND(D14<=0,D14-E14<0),1,0) -> 0 | O14: =E14-D14 -> -6
A15: 13 | B15: TQ09080 | C15: =VLOOKUP(B15,バーコード貼付!$A$1:$D$4652,2,FALSE) -> 80ｼｰﾙｽﾀﾝ用ﾀﾞｲﾔﾌﾗﾑ | D15: =VLOOKUP(B15,バーコード貼付!$A$1:$D$4652,3,FALSE) -> 15 | E15: 5 | G15: =IF(D15-E15>=0,0,1) -> 0 | I15: =IF(AND(D15<=0,D15-E15<0),1,0) -> 0 | O15: =E15-D15 -> -10
A16: 14 | B16: TQ09095 | C16: =VLOOKUP(B16,バーコード貼付!$A$1:$D$4652,2,FALSE) -> 95ｼｰﾙｽﾀﾝ用ﾀﾞｲﾔﾌﾗﾑ | D16: =VLOOKUP(B16,バーコード貼付!$A$1:$D$4652,3,FALSE) -> 21 | E16: 9 | G16: =IF(D16-E16>=0,0,1) -> 0 | I16: =IF(AND(D16<=0,D16-E16<0),1,0) -> 0 | O16: =E16-D16 -> -12
A17: 15 | B17: TQ09100 | C17: =VLOOKUP(B17,バーコード貼付!$A$1:$D$4652,2,FALSE) -> 100ｼｰﾙｽﾀﾝ用ﾀﾞｲﾔﾌﾗﾑ | D17: =VLOOKUP(B17,バーコード貼付!$A$1:$D$4652,3,FALSE) -> 14 | E17: 5 | G17: =IF(D17-E17>=0,0,1) -> 0 | I17: =IF(AND(D17<=0,D17-E17<0),1,0) -> 0 | O17: =E17-D17 -> -9
A18: 16 | B18: TQ09090 | C18: =VLOOKUP(B18,バーコード貼付!$A$1:$D$4652,2,FALSE) -> 90ｼｰﾙｽﾀﾝ用ﾀﾞｲﾔﾌﾗﾑ | D18: =VLOOKUP(B18,バーコード貼付!$A$1:$D$4652,3,FALSE) -> 30 | E18: 8 | G18: =IF(D18-E18>=0,0,1) -> 0 | I18: =IF(AND(D18<=0,D18-E18<0),1,0) -> 0 | O18: =E18-D18 -> -22
A19: 17 | B19: TQ09105 | C19: =VLOOKUP(B19,バーコード貼付!$A$1:$D$4652,2,FALSE) -> 105ｼｰﾙｽﾀﾝ用ﾀﾞｲﾔﾌﾗﾑ | D19: =VLOOKUP(B19,バーコード貼付!$A$1:$D$4652,3,FALSE) -> 26 | E19: 7 | G19: =IF(D19-E19>=0,0,1) -> 0 | I19: =IF(AND(D19<=0,D19-E19<0),1,0) -> 0 | O19: =E19-D19 -> -19

Sheet 6
F1: =TODAY()-90 -> 46203
A2: 番号 | B2: コード | C2: 6.海水コシ器 | D2: 在庫数 | E2: 発注点 | F2: 発注点割れ | G2: =SUM(G3:G45) -> 13 | H2: 在庫欠品 | I2: =SUM(I3:I45) -> 0 | P2: =P1+1 -> 1
A3: 1 | B3: 40SPFNASI | C3: =VLOOKUP(B3,バーコード貼付!$A$1:$D$4652,2,FALSE) -> 40SPﾌﾗﾝｼﾞ型海水こし器(ﾌﾗﾝｼﾞ無し) | D3: =VLOOKUP(B3,バーコード貼付!$A$1:$D$4652,3,FALSE) -> 33 | E3: =VLOOKUP(B3,バーコード貼付!$A$1:$D$4652,4,FALSE) -> 57 | F3: 11/21 | G3: =IF(D3-E3>=0,0,1) -> 1 | I3: =IF(AND(D3<=0,D3-E3<0),1,0) -> 0 | O3: =E3-D3 -> 24
A4: 2 | B4: BN114041SPH | C4: =VLOOKUP(B4,バーコード貼付!$A$1:$D$4652,2,FALSE) -> 40SPH海水こし器用ﾌﾗﾝｼﾞ(41φﾎｰｽ用) | D4: =VLOOKUP(B4,バーコード貼付!$A$1:$D$4652,3,FALSE) -> 0 | E4: 0 | G4: =IF(D4-E4>=0,0,1) -> 0 | I4: =IF(AND(D4<=0,D4-E4<0),1,0) -> 0 | O4: =E4-D4 -> 0
A5: 3 | B5: 80SP | C5: =VLOOKUP(B5,バーコード貼付!$A$1:$D$4652,2,FALSE) -> 80SPﾌﾗﾝｼﾞ型海水こし器 | D5: =VLOOKUP(B5,バーコード貼付!$A$1:$D$4652,3,FALSE) -> 9 | E5: 42 | F5: 46283 | G5: =IF(D5-E5>=0,0,1) -> 1 | I5: =IF(AND(D5<=0,D5-E5<0),1,0) -> 0 | O5: =E5-D5 -> 33
A6: 4 | B6: 80SPH63 | C6: =VLOOKUP(B6,バーコード貼付!$A$1:$D$4652,2,FALSE) -> 80SPH(ﾎｰｽ径63)ﾌﾗﾝｼﾞ型ﾎｰｽ海水こし器 | D6: =VLOOKUP(B6,バーコード貼付!$A$1:$D$4652,3,FALSE) -> 25 | E6: 50 | F6: 46237 | G6: =IF(D6-E6>=0,0,1) -> 1 | I6: =IF(AND(D6<=0,D6-E6<0),1,0) -> 0 | O6: =E6-D6 -> 25
A7: 5 | B7: 50SPH50 | C7: =VLOOKUP(B7,バーコード貼付!$A$1:$D$4652,2,FALSE) -> 50SPH(ﾎｰｽ径50)ﾌﾗﾝｼﾞ型ﾎｰｽ海水こし器 | D7: =VLOOKUP(B7,バーコード貼付!$A$1:$D$4652,3,FALSE) -> 4 | E7: 21 | F7: 46253 | G7: =IF(D7-E7>=0,0,1) -> 1 | I7: =IF(AND(D7<=0,D7-E7<0),1,0) -> 0 | O7: =E7-D7 -> 17
A8: 6 | B8: BN113225SPH | C8: =VLOOKUP(B8,バーコード貼付!$A$1:$D$4652,2,FALSE) -> 32SPH海水こし器用ﾌﾗﾝｼﾞ(25φﾎｰｽ用) | D8: =VLOOKUP(B8,バーコード貼付!$A$1:$D$4652,3,FALSE) -> 14 | E8: =VLOOKUP(B8,バーコード貼付!$A$1:$D$4652,4,FALSE) -> 20 | F8: 46255 | G8: =IF(D8-E8>=0,0,1) -> 1 | I8: =IF(AND(D8<=0,D8-E8<0),1,0) -> 0 | O8: =E8-D8 -> 6
A9: 7 | B9: 38SH | C9: =VLOOKUP(B9,バーコード貼付!$A$1:$D$4652,2,FALSE) -> 38SH一体型ﾎｰｽ用海水こし器 | D9: =VLOOKUP(B9,バーコード貼付!$A$1:$D$4652,3,FALSE) -> 81 | E9: 98 | F9: 46262 | G9: =IF(D9-E9>=0,0,1) -> 1 | I9: =IF(AND(D9<=0,D9-E9<0),1,0) -> 0 | O9: =E9-D9 -> 17
A10: 8 | B10: 50SH | C10: =VLOOKUP(B10,バーコード貼付!$A$1:$D$4652,2,FALSE) -> 50SH一体型ﾎｰｽ用海水こし器 | D10: =VLOOKUP(B10,バーコード貼付!$A$1:$D$4652,3,FALSE) -> 15 | E10: 31 | F10: 46269 | G10: =IF(D10-E10>=0,0,1) -> 1 | I10: =IF(AND(D10<=0,D10-E10<0),1,0) -> 0 | O10: =E10-D10 -> 16
A11: 9 | B11: BN2025SH | C11: =VLOOKUP(B11,バーコード貼付!$A$1:$D$4652,2,FALSE) -> 25SH海水こし器用防蝕亜鉛25x30 | D11: =VLOOKUP(B11,バーコード貼付!$A$1:$D$4652,3,FALSE) -> 176 | E11: =VLOOKUP(B11,バーコード貼付!$A$1:$D$4652,4,FALSE) -> 200 | F11: 46269 | G11: =IF(D11-E11>=0,0,1) -> 1 | I11: =IF(AND(D11<=0,D11-E11<0),1,0) -> 0 | O11: =E11-D11 -> 24
A12: 10 | B12: 40SPH38 | C12: =VLOOKUP(B12,バーコード貼付!$A$1:$D$4652,2,FALSE) -> 40SPH(ﾎｰｽ径38)ﾌﾗﾝｼﾞ型ﾎｰｽ海水こし器 | D12: =VLOOKUP(B12,バーコード貼付!$A$1:$D$4652,3,FALSE) -> 5 | E12: 9 | F12: 46273 | G12: =IF(D12-E12>=0,0,1) -> 1 | I12: =IF(AND(D12<=0,D12-E12<0),1,0) -> 0 | O12: =E12-D12 -> 4
A13: 11 | B13: 32SPH32 | C13: =VLOOKUP(B13,バーコード貼付!$A$1:$D$4652,2,FALSE) -> 32SPH(ﾎｰｽ径32)ﾌﾗﾝｼﾞ型ﾎｰｽ海水こし器 | D13: =VLOOKUP(B13,バーコード貼付!$A$1:$D$4652,3,FALSE) -> 7 | E13: 10 | F13: 46279 | G13: =IF(D13-E13>=0,0,1) -> 1 | I13: =IF(AND(D13<=0,D13-E13<0),1,0) -> 0 | O13: =E13-D13 -> 3
A14: 12 | B14: 32SH | C14: =VLOOKUP(B14,バーコード貼付!$A$1:$D$4652,2,FALSE) -> 32SH一体型ﾎｰｽ用海水こし器 | D14: =VLOOKUP(B14,バーコード貼付!$A$1:$D$4652,3,FALSE) -> 26 | E14: 37 | F14: 46279 | G14: =IF(D14-E14>=0,0,1) -> 1 | I14: =IF(AND(D14<=0,D14-E14<0),1,0) -> 0 | O14: =E14-D14 -> 11
A15: 13 | B15: 32SP | C15: =VLOOKUP(B15,バーコード貼付!$A$1:$D$4652,2,FALSE) -> 32SPﾌﾗﾝｼﾞ型海水こし器 | D15: =VLOOKUP(B15,バーコード貼付!$A$1:$D$4652,3,FALSE) -> 3 | E15: 7 | F15: 46281 | G15: =IF(D15-E15>=0,0,1) -> 1 | I15: =IF(AND(D15<=0,D15-E15<0),1,0) -> 0 | O15: =E15-D15 -> 4
A16: 14 | B16: 50SPH45 | C16: =VLOOKUP(B16,バーコード貼付!$A$1:$D$4652,2,FALSE) -> 50SPH(ﾎｰｽ径45)ﾌﾗﾝｼﾞ型ﾎｰｽ海水こし器 | D16: =VLOOKUP(B16,バーコード貼付!$A$1:$D$4652,3,FALSE) -> 12 | E16: 13 | F16: 46283 | G16: =IF(D16-E16>=0,0,1) -> 1 | I16: =IF(AND(D16<=0,D16-E16<0),1,0) -> 0 | O16: =E16-D16 -> 1
A17: 15 | B17: 40SP | C17: =VLOOKUP(B17,バーコード貼付!$A$1:$D$4652,2,FALSE) -> 40SPﾌﾗﾝｼﾞ型海水こし器 | D17: =VLOOKUP(B17,バーコード貼付!$A$1:$D$4652,3,FALSE) -> 7 | E17: 5 | G17: =IF(D17-E17>=0,0,1) -> 0 | I17: =IF(AND(D17<=0,D17-E17<0),1,0) -> 0 | O17: =E17-D17 -> -2
A18: 16 | B18: 80SPFNASI | C18: =VLOOKUP(B18,バーコード貼付!$A$1:$D$4652,2,FALSE) -> 80SPﾌﾗﾝｼﾞ型海水こし器(ﾌﾗﾝｼﾞ無し) | D18: =VLOOKUP(B18,バーコード貼付!$A$1:$D$4652,3,FALSE) -> 54 | E18: 48 | G18: =IF(D18-E18>=0,0,1) -> 0 | I18: =IF(AND(D18<=0,D18-E18<0),1,0) -> 0 | O18: =E18-D18 -> -6
A19: 17 | B19: 65SH | C19: =VLOOKUP(B19,バーコード貼付!$A$1:$D$4652,2,FALSE) -> 65SH一体型ﾎｰｽ用海水こし器 | D19: =VLOOKUP(B19,バーコード貼付!$A$1:$D$4652,3,FALSE) -> 56 | E19: 20 | G19: =IF(D19-E19>=0,0,1) -> 0 | I19: =IF(AND(D19<=0,D19-E19<0),1,0) -> 0 | O19: =E19-D19 -> -36
A20: 18 | B20: BN2032SH | C20: =VLOOKUP(B20,バーコード貼付!$A$1:$D$4652,2,FALSE) -> 32.38SH海水こし器用防蝕亜鉛30x40 | D20: =VLOOKUP(B20,バーコード貼付!$A$1:$D$4652,3,FALSE) -> 155 | E20: 77 | G20: =IF(D20-E20>=0,0,1) -> 0 | I20: =IF(AND(D20<=0,D20-E20<0),1,0) -> 0 | O20: =E20-D20 -> -78
A21: 19 | B21: 80SPH76 | C21: =VLOOKUP(B21,バーコード貼付!$A$1:$D$4652,2,FALSE) -> 80SPH(ﾎｰｽ径76)ﾌﾗﾝｼﾞ型ﾎｰｽ海水こし器 | D21: =VLOOKUP(B21,バーコード貼付!$A$1:$D$4652,3,FALSE) -> 16 | E21: 11 | G21: =IF(D21-E21>=0,0,1) -> 0 | I21: =IF(AND(D21<=0,D21-E21<0),1,0) -> 0 | O21: =E21-D21 -> -5
A22: 20 | B22: BN118060SPH | C22: =VLOOKUP(B22,バーコード貼付!$A$1:$D$4652,2,FALSE) -> 80SPH海水こし器用ﾌﾗﾝｼﾞ(60φﾎｰｽ用) | D22: =VLOOKUP(B22,バーコード貼付!$A$1:$D$4652,3,FALSE) -> 1 | E22: 1 | G22: =IF(D22-E22>=0,0,1) -> 0 | I22: =IF(AND(D22<=0,D22-E22<0),1,0) -> 0 | O22: =E22-D22 -> 0
A23: 21 | B23: 25SH | C23: =VLOOKUP(B23,バーコード貼付!$A$1:$D$4652,2,FALSE) -> 25SH一体型ﾎｰｽ用海水こし器 | D23: =VLOOKUP(B23,バーコード貼付!$A$1:$D$4652,3,FALSE) -> 42 | E23: 37 | G23: =IF(D23-E23>=0,0,1) -> 0 | I23: =IF(AND(D23<=0,D23-E23<0),1,0) -> 0 | O23: =E23-D23 -> -5
A24: 22 | B24: BN2050SH | C24: =VLOOKUP(B24,バーコード貼付!$A$1:$D$4652,2,FALSE) -> 50.65SH海水こし器用防蝕亜鉛35x45 | D24: =VLOOKUP(B24,バーコード貼付!$A$1:$D$4652,3,FALSE) -> 510 | E24: 243 | G24: =IF(D24-E24>=0,0,1) -> 0 | I24: =IF(AND(D24<=0,D24-E24<0),1,0) -> 0 | O24: =E24-D24 -> -267
A25: 23 | B25: BN115050SPH | C25: =VLOOKUP(B25,バーコード貼付!$A$1:$D$4652,2,FALSE) -> 50SPH海水こし器用ﾌﾗﾝｼﾞ(50φﾎｰｽ用) | D25: =VLOOKUP(B25,バーコード貼付!$A$1:$D$4652,3,FALSE) -> 29 | E25: 9 | G25: =IF(D25-E25>=0,0,1) -> 0 | I25: =IF(AND(D25<=0,D25-E25<0),1,0) -> 0 | O25: =E25-D25 -> -20
A26: 24 | B26: BN118063SPH | C26: =VLOOKUP(B26,バーコード貼付!$A$1:$D$4652,2,FALSE) -> 80SPH海水こし器用ﾌﾗﾝｼﾞ(63φﾎｰｽ用) | D26: =VLOOKUP(B26,バーコード貼付!$A$1:$D$4652,3,FALSE) -> 46 | E26: 6 | G26: =IF(D26-E26>=0,0,1) -> 0 | I26: =IF(AND(D26<=0,D26-E26<0),1,0) -> 0 | O26: =E26-D26 -> -40
A27: 25 | B27: BS17 | C27: =VLOOKUP(B27,バーコード貼付!$A$1:$D$4652,2,FALSE) -> S17一体型単式海水こし器 | D27: =VLOOKUP(B27,バーコード貼付!$A$1:$D$4652,3,FALSE) -> 22 | E27: 4 | G27: =IF(D27-E27>=0,0,1) -> 0 | I27: =IF(AND(D27<=0,D27-E27<0),1,0) -> 0 | O27: =E27-D27 -> -18
A28: 26 | B28: BN113241SPH | C28: =VLOOKUP(B28,バーコード貼付!$A$1:$D$4652,2,FALSE) -> 32SPH海水こし器用ﾌﾗﾝｼﾞ(41φﾎｰｽ用) | D28: =VLOOKUP(B28,バーコード貼付!$A$1:$D$4652,3,FALSE) -> 0 | E28: 0 | G28: =IF(D28-E28>=0,0,1) -> 0 | I28: =IF(AND(D28<=0,D28-E28<0),1,0) -> 0 | O28: =E28-D28 -> 0
A29: 27 | B29: BN1140 | C29: =VLOOKUP(B29,バーコード貼付!$A$1:$D$4652,2,FALSE) -> 40S海水こし器用BCﾌﾗﾝｼﾞ(銅管用) | D29: =VLOOKUP(B29,バーコード貼付!$A$1:$D$4652,3,FALSE) -> 5 | E29: 3 | G29: =IF(D29-E29>=0,0,1) -> 0 | I29: 0 | O29: =E29-D29 -> -2
A30: 28 | B30: 50SP | C30: =VLOOKUP(B30,バーコード貼付!$A$1:$D$4652,2,FALSE) -> 50SPﾌﾗﾝｼﾞ型海水こし器 | D30: =VLOOKUP(B30,バーコード貼付!$A$1:$D$4652,3,FALSE) -> 27 | E30: 11 | G30: =IF(D30-E30>=0,0,1) -> 0 | I30: =IF(AND(D30<=0,D30-E30<0),1,0) -> 0 | O30: =E30-D30 -> -16
A31: 29 | B31: BN1150 | C31: =VLOOKUP(B31,バーコード貼付!$A$1:$D$4652,2,FALSE) -> 50S海水こし器用BCﾌﾗﾝｼﾞ(銅管用) | D31: =VLOOKUP(B31,バーコード貼付!$A$1:$D$4652,3,FALSE) -> 10 | E31: 6 | G31: =IF(D31-E31>=0,0,1) -> 0 | I31: =IF(AND(D31<=0,D31-E31<0),1,0) -> 0 | O31: =E31-D31 -> -4
A32: 30 | B32: BN114038SPH | C32: =VLOOKUP(B32,バーコード貼付!$A$1:$D$4652,2,FALSE) -> 40SPH海水こし器用ﾌﾗﾝｼﾞ(38φﾎｰｽ用) | D32: =VLOOKUP(B32,バーコード貼付!$A$1:$D$4652,3,FALSE) -> 34 | E32: =VLOOKUP(B32,バーコード貼付!$A$1:$D$4652,4,FALSE) -> 30 | G32: =IF(D32-E32>=0,0,1) -> 0 | I32: =IF(AND(D32<=0,D32-E32<0),1,0) -> 0 | O32: =E32-D32 -> -4
A33: 31 | B33: BN1180 | C33: =VLOOKUP(B33,バーコード貼付!$A$1:$D$4652,2,FALSE) -> 80S海水こし器用BCﾌﾗﾝｼﾞ(銅管用) | D33: =VLOOKUP(B33,バーコード貼付!$A$1:$D$4652,3,FALSE) -> 22 | E33: =VLOOKUP(B33,バーコード貼付!$A$1:$D$4652,4,FALSE) -> 20 | G33: =IF(D33-E33>=0,0,1) -> 0 | I33: =IF(AND(D33<=0,D33-E33<0),1,0) -> 0 | O33: =E33-D33 -> -2
A34: 32 | B34: BN118070 | C34: =VLOOKUP(B34,バーコード貼付!$A$1:$D$4652,2,FALSE) -> 海水こし器用BCﾌﾗﾝｼﾞ70用 | D34: =VLOOKUP(B34,バーコード貼付!$A$1:$D$4652,3,FALSE) -> 45 | E34: =VLOOKUP(B34,バーコード貼付!$A$1:$D$4652,4,FALSE) -> 10 | G34: =IF(D34-E34>=0,0,1) -> 0 | I34: =IF(AND(D34<=0,D34-E34<0),1,0) -> 0 | O34: =E34-D34 -> -35
A35: 33 | B35: BN115038SPH | C35: =VLOOKUP(B35,バーコード貼付!$A$1:$D$4652,2,FALSE) -> 50SPH海水こし器用ﾌﾗﾝｼﾞ(38φﾎｰｽ用) | D35: =VLOOKUP(B35,バーコード貼付!$A$1:$D$4652,3,FALSE) -> 18 | E35: =VLOOKUP(B35,バーコード貼付!$A$1:$D$4652,4,FALSE) -> 4 | G35: =IF(D35-E35>=0,0,1) -> 0 | I35: =IF(AND(D35<=0,D35-E35<0),1,0) -> 0 | O35: =E35-D35 -> -14
A36: 34 | B36: 32SPH25 | C36: =VLOOKUP(B36,バーコード貼付!$A$1:$D$4652,2,FALSE) -> 32SPH(ﾎｰｽ径25)ﾌﾗﾝｼﾞ型ﾎｰｽ海水こし器 | D36: =VLOOKUP(B36,バーコード貼付!$A$1:$D$4652,3,FALSE) -> 12 | E36: =VLOOKUP(B36,バーコード貼付!$A$1:$D$4652,4,FALSE) -> 6 | G36: =IF(D36-E36>=0,0,1) -> 0 | I36: =IF(AND(D36<=0,D36-E36<0),1,0) -> 0 | O36: =E36-D36 -> -6
A37: 35 | B37: BN1132 | C37: =VLOOKUP(B37,バーコード貼付!$A$1:$D$4652,2,FALSE) -> 32S海水こし器用BCﾌﾗﾝｼﾞ(銅管用) | D37: =VLOOKUP(B37,バーコード貼付!$A$1:$D$4652,3,FALSE) -> 241 | E37: =VLOOKUP(B37,バーコード貼付!$A$1:$D$4652,4,FALSE) -> 10 | G37: =IF(D37-E37>=0,0,1) -> 0 | I37: 0 | O37: =E37-D37 -> -231
A38: 36 | B38: BN113232SPH | C38: =VLOOKUP(B38,バーコード貼付!$A$1:$D$4652,2,FALSE) -> 32SPH海水こし器用ﾌﾗﾝｼﾞ(32φﾎｰｽ用) | D38: =VLOOKUP(B38,バーコード貼付!$A$1:$D$4652,3,FALSE) -> 54 | E38: =VLOOKUP(B38,バーコード貼付!$A$1:$D$4652,4,FALSE) -> 30 | G38: =IF(D38-E38>=0,0,1) -> 0 | I38: =IF(AND(D38<=0,D38-E38<0),1,0) -> 0 | O38: =E38-D38 -> -24
A39: 37 | B39: BN115045SPH | C39: =VLOOKUP(B39,バーコード貼付!$A$1:$D$4652,2,FALSE) -> 50SPH海水こし器用ﾌﾗﾝｼﾞ(45φﾎｰｽ用) | D39: =VLOOKUP(B39,バーコード貼付!$A$1:$D$4652,3,FALSE) -> 78 | E39: =VLOOKUP(B39,バーコード貼付!$A$1:$D$4652,4,FALSE) -> 30 | G39: =IF(D39-E39>=0,0,1) -> 0 | I39: =IF(AND(D39<=0,D39-E39<0),1,0) -> 0 | O39: =E39-D39 -> -48
A40: 38 | B40: BN115060SPH | C40: =VLOOKUP(B40,バーコード貼付!$A$1:$D$4652,2,FALSE) -> 50SPH海水こし器用ﾌﾗﾝｼﾞ(60φﾎｰｽ用) | D40: =VLOOKUP(B40,バーコード貼付!$A$1:$D$4652,3,FALSE) -> 27 | E40: =VLOOKUP(B40,バーコード貼付!$A$1:$D$4652,4,FALSE) -> 2 | G40: =IF(D40-E40>=0,0,1) -> 0 | I40: =IF(AND(D40<=0,D40-E40<0),1,0) -> 0 | O40: =E40-D40 -> -25
A41: 39 | B41: BN118060 | C41: =VLOOKUP(B41,バーコード貼付!$A$1:$D$4652,2,FALSE) -> 海水こし器用BCﾌﾗﾝｼﾞ60用 | D41: =VLOOKUP(B41,バーコード貼付!$A$1:$D$4652,3,FALSE) -> 36 | E41: =VLOOKUP(B41,バーコード貼付!$A$1:$D$4652,4,FALSE) -> 10 | G41: =IF(D41-E41>=0,0,1) -> 0 | I41: 0 | O41: =E41-D41 -> -26
A42: 40 | B42: BN118076SPH | C42: =VLOOKUP(B42,バーコード貼付!$A$1:$D$4652,2,FALSE) -> 80SPH海水こし器用ﾌﾗﾝｼﾞ(76φﾎｰｽ用) | D42: =VLOOKUP(B42,バーコード貼付!$A$1:$D$4652,3,FALSE) -> 62 | E42: =VLOOKUP(B42,バーコード貼付!$A$1:$D$4652,4,FALSE) -> 30 | G42: =IF(D42-E42>=0,0,1) -> 0 | I42: =IF(AND(D42<=0,D42-E42<0),1,0) -> 0 | O42: =E42-D42 -> -32
B43: GAI1808060 | C43: =VLOOKUP(B43,バーコード貼付!$A$1:$D$4652,2,FALSE) -> #N/A | D43: =VLOOKUP(B43,バーコード貼付!$A$1:$D$4652,3,FALSE) -> #N/A
B44: GAI1808070 | C44: =VLOOKUP(B44,バーコード貼付!$A$1:$D$4652,2,FALSE) -> #N/A | D44: =VLOOKUP(B44,バーコード貼付!$A$1:$D$4652,3,FALSE) -> #N/A
B45: 80SPHN76 | C45: =VLOOKUP(B45,バーコード貼付!$A$1:$D$4652,2,FALSE) -> #N/A | D45: =VLOOKUP(B45,バーコード貼付!$A$1:$D$4652,3,FALSE) -> #N/A

Sheet 7
F1: =TODAY()-90 -> 46203
A2: 番号 | B2: コード | C2: 7.ペラナット | D2: 在庫数 | E2: 発注点 | F2: 発注点割れ | G2: =SUM(G3:G66) -> 3 | H2: 在庫欠品 | I2: =SUM(I3:I66) -> 0 | P2: =P1+1 -> 1
A3: 1 | B3: NA060381A | C3: =VLOOKUP(B3,バーコード貼付!$A$1:$D$4652,2,FALSE) -> BS38~40左ﾈｼﾞA型ﾍﾟﾗﾅｯﾄ用菊ﾅｯﾄ | D3: =VLOOKUP(B3,バーコード貼付!$A$1:$D$4652,3,FALSE) -> 22 | E3: 25 | F3: 46210 | G3: =IF(D3-E3>=0,0,1) -> 1 | I3: =IF(AND(D3<=0,D3-E3<0),1,0) -> 0 | O3: =E3-D3 -> 3
A4: 2 | B4: NB3040601 | C4: =VLOOKUP(B4,バーコード貼付!$A$1:$D$4652,2,FALSE) -> BC軸60用B3型ﾍﾟﾗﾅｯﾄ(左ﾈｼﾞ) | D4: =VLOOKUP(B4,バーコード貼付!$A$1:$D$4652,3,FALSE) -> 33 | E4: =VLOOKUP(B4,バーコード貼付!$A$1:$D$4652,4,FALSE) -> 100 | F4: 46231 | G4: =IF(D4-E4>=0,0,1) -> 1 | I4: =IF(AND(D4<=0,D4-E4<0),1,0) -> 0 | O4: =E4-D4 -> 67
A5: 3 | B5: NB3040421 | C5: =VLOOKUP(B5,バーコード貼付!$A$1:$D$4652,2,FALSE) -> BC軸42~46用B3型ﾍﾟﾗﾅｯﾄ(左ﾈｼﾞ) | D5: =VLOOKUP(B5,バーコード貼付!$A$1:$D$4652,3,FALSE) -> 33 | E5: =VLOOKUP(B5,バーコード貼付!$A$1:$D$4652,4,FALSE) -> 60 | F5: 46231 | G5: =IF(D5-E5>=0,0,1) -> 1 | I5: =IF(AND(D5<=0,D5-E5<0),1,0) -> 0 | O5: =E5-D5 -> 27
A6: 4 | B6: NB3040701 | C6: =VLOOKUP(B6,バーコード貼付!$A$1:$D$4652,2,FALSE) -> BC軸70用B3型ﾍﾟﾗﾅｯﾄ(左ﾈｼﾞ) | D6: =VLOOKUP(B6,バーコード貼付!$A$1:$D$4652,3,FALSE) -> 122 | E6: 27 | G6: =IF(D6-E6>=0,0,1) -> 0 | I6: =IF(AND(D6<=0,D6-E6<0),1,0) -> 0 | O6: =E6-D6 -> -95
A7: 5 | B7: NB3040420 | C7: =VLOOKUP(B7,バーコード貼付!$A$1:$D$4652,2,FALSE) -> BC軸42~46用B3型ﾍﾟﾗﾅｯﾄ(右ﾈｼﾞ) | D7: =VLOOKUP(B7,バーコード貼付!$A$1:$D$4652,3,FALSE) -> 12 | E7: 3 | G7: =IF(D7-E7>=0,0,1) -> 0 | I7: =IF(AND(D7<=0,D7-E7<0),1,0) -> 0 | O7: =E7-D7 -> -9
A8: 6 | B8: NB3040651 | C8: =VLOOKUP(B8,バーコード貼付!$A$1:$D$4652,2,FALSE) -> BC軸65用B3型ﾍﾟﾗﾅｯﾄ(左ﾈｼﾞ) | D8: =VLOOKUP(B8,バーコード貼付!$A$1:$D$4652,3,FALSE) -> 175 | E8: 50 | G8: =IF(D8-E8>=0,0,1) -> 0 | I8: =IF(AND(D8<=0,D8-E8<0),1,0) -> 0 | O8: =E8-D8 -> -125
A9: 7 | B9: NB3040550 | C9: =VLOOKUP(B9,バーコード貼付!$A$1:$D$4652,2,FALSE) -> BC軸55用B3型ﾍﾟﾗﾅｯﾄ(右ﾈｼﾞ) | D9: =VLOOKUP(B9,バーコード貼付!$A$1:$D$4652,3,FALSE) -> 24 | E9: 2 | G9: =IF(D9-E9>=0,0,1) -> 0 | I9: =IF(AND(D9<=0,D9-E9<0),1,0) -> 0 | O9: =E9-D9 -> -22
A10: 8 | B10: NB3040700 | C10: =VLOOKUP(B10,バーコード貼付!$A$1:$D$4652,2,FALSE) -> BC軸70用B3型ﾍﾟﾗﾅｯﾄ(右ﾈｼﾞ) | D10: =VLOOKUP(B10,バーコード貼付!$A$1:$D$4652,3,FALSE) -> 38 | E10: 3 | G10: =IF(D10-E10>=0,0,1) -> 0 | I10: =IF(AND(D10<=0,D10-E10<0),1,0) -> 0 | O10: =E10-D10 -> -35
A11: 9 | B11: NA060321A | C11: =VLOOKUP(B11,バーコード貼付!$A$1:$D$4652,2,FALSE) -> BS32~36左ﾈｼﾞA型ﾍﾟﾗﾅｯﾄ用菊ﾅｯﾄ | D11: =VLOOKUP(B11,バーコード貼付!$A$1:$D$4652,3,FALSE) -> 123 | E11: 35 | G11: =IF(D11-E11>=0,0,1) -> 0 | I11: =IF(AND(D11<=0,D11-E11<0),1,0) -> 0 | O11: =E11-D11 -> -88
A12: 10 | B12: NA060421B | C12: =VLOOKUP(B12,バーコード貼付!$A$1:$D$4652,2,FALSE) -> BS42~46左ﾈｼﾞA型ﾍﾟﾗﾅｯﾄ用平ﾅｯﾄ | D12: =VLOOKUP(B12,バーコード貼付!$A$1:$D$4652,3,FALSE) -> 109 | E12: =VLOOKUP(B12,バーコード貼付!$A$1:$D$4652,4,FALSE) -> 40 | G12: =IF(D12-E12>=0,0,1) -> 0 | I12: =IF(AND(D12<=0,D12-E12<0),1,0) -> 0 | O12: =E12-D12 -> -69
A13: 11 | B13: NA060281A | C13: =VLOOKUP(B13,バーコード貼付!$A$1:$D$4652,2,FALSE) -> BS28~30左ﾈｼﾞA型ﾍﾟﾗﾅｯﾄ用菊ﾅｯﾄ | D13: =VLOOKUP(B13,バーコード貼付!$A$1:$D$4652,3,FALSE) -> 79 | E13: 4 | G13: =IF(D13-E13>=0,0,1) -> 0 | I13: =IF(AND(D13<=0,D13-E13<0),1,0) -> 0 | O13: =E13-D13 -> -75
A14: 12 | B14: NA060320A | C14: =VLOOKUP(B14,バーコード貼付!$A$1:$D$4652,2,FALSE) -> BS32~36右ﾈｼﾞA型ﾍﾟﾗﾅｯﾄ用菊ﾅｯﾄ | D14: =VLOOKUP(B14,バーコード貼付!$A$1:$D$4652,3,FALSE) -> 49 | E14: =VLOOKUP(B14,バーコード貼付!$A$1:$D$4652,4,FALSE) -> 5 | G14: =IF(D14-E14>=0,0,1) -> 0 | I14: =IF(AND(D14<=0,D14-E14<0),1,0) -> 0 | O14: =E14-D14 -> -44
A15: 13 | B15: NB3040551 | C15: =VLOOKUP(B15,バーコード貼付!$A$1:$D$4652,2,FALSE) -> BC軸55用B3型ﾍﾟﾗﾅｯﾄ(左ﾈｼﾞ) | D15: =VLOOKUP(B15,バーコード貼付!$A$1:$D$4652,3,FALSE) -> 49 | E15: 42 | G15: =IF(D15-E15>=0,0,1) -> 0 | I15: =IF(AND(D15<=0,D15-E15<0),1,0) -> 0 | O15: =E15-D15 -> -7
A16: 14 | B16: NB3040481 | C16: =VLOOKUP(B16,バーコード貼付!$A$1:$D$4652,2,FALSE) -> BC軸48~50用B3型ﾍﾟﾗﾅｯﾄ(左ﾈｼﾞ) | D16: =VLOOKUP(B16,バーコード貼付!$A$1:$D$4652,3,FALSE) -> 158 | E16: 42 | G16: =IF(D16-E16>=0,0,1) -> 0 | I16: =IF(AND(D16<=0,D16-E16<0),1,0) -> 0 | O16: =E16-D16 -> -116
A17: 15 | B17: NB3040480 | C17: =VLOOKUP(B17,バーコード貼付!$A$1:$D$4652,2,FALSE) -> BC軸48~50用B3型ﾍﾟﾗﾅｯﾄ(右ﾈｼﾞ) | D17: =VLOOKUP(B17,バーコード貼付!$A$1:$D$4652,3,FALSE) -> 35 | E17: 6 | G17: =IF(D17-E17>=0,0,1) -> 0 | I17: =IF(AND(D17<=0,D17-E17<0),1,0) -> 0 | O17: =E17-D17 -> -29
A18: 16 | B18: NB3040600 | C18: =VLOOKUP(B18,バーコード貼付!$A$1:$D$4652,2,FALSE) -> BC軸60用B3型ﾍﾟﾗﾅｯﾄ(右ﾈｼﾞ) | D18: =VLOOKUP(B18,バーコード貼付!$A$1:$D$4652,3,FALSE) -> 15 | E18: 5 | G18: =IF(D18-E18>=0,0,1) -> 0 | I18: =IF(AND(D18<=0,D18-E18<0),1,0) -> 0 | O18: =E18-D18 -> -10
A19: 17 | B19: NB3040650 | C19: =VLOOKUP(B19,バーコード貼付!$A$1:$D$4652,2,FALSE) -> BC軸65用B3型ﾍﾟﾗﾅｯﾄ(右ﾈｼﾞ) | D19: =VLOOKUP(B19,バーコード貼付!$A$1:$D$4652,3,FALSE) -> 42 | E19: 7 | G19: =IF(D19-E19>=0,0,1) -> 0 | I19: =IF(AND(D19<=0,D19-E19<0),1,0) -> 0 | O19: =E19-D19 -> -35
A20: 18 | B20: NB3040751 | C20: =VLOOKUP(B20,バーコード貼付!$A$1:$D$4652,2,FALSE) -> BC軸75用B3型ﾍﾟﾗﾅｯﾄ(左ﾈｼﾞ) | D20: =VLOOKUP(B20,バーコード貼付!$A$1:$D$4652,3,FALSE) -> 55 | E20: 45 | G20: =IF(D20-E20>=0,0,1) -> 0 | I20: =IF(AND(D20<=0,D20-E20<0),1,0) -> 0 | O20: =E20-D20 -> -10
A21: 19 | B21: NA060421A | C21: =VLOOKUP(B21,バーコード貼付!$A$1:$D$4652,2,FALSE) -> BS42~46左ﾈｼﾞA型ﾍﾟﾗﾅｯﾄ用菊ﾅｯﾄ | D21: =VLOOKUP(B21,バーコード貼付!$A$1:$D$4652,3,FALSE) -> 243 | E21: =VLOOKUP(B21,バーコード貼付!$A$1:$D$4652,4,FALSE) -> 40 | G21: =IF(D21-E21>=0,0,1) -> 0 | I21: =IF(AND(D21<=0,D21-E21<0),1,0) -> 0 | O21: =E21-D21 -> -203
A22: 20 | B22: NA060381B | C22: =VLOOKUP(B22,バーコード貼付!$A$1:$D$4652,2,FALSE) -> BS38~40左ﾈｼﾞA型ﾍﾟﾗﾅｯﾄ用平ﾅｯﾄ | D22: =VLOOKUP(B22,バーコード貼付!$A$1:$D$4652,3,FALSE) -> 146 | E22: =VLOOKUP(B22,バーコード貼付!$A$1:$D$4652,4,FALSE) -> 50 | G22: =IF(D22-E22>=0,0,1) -> 0 | I22: =IF(AND(D22<=0,D22-E22<0),1,0) -> 0 | O22: =E22-D22 -> -96
A23: 21 | B23: NA060481B | C23: =VLOOKUP(B23,バーコード貼付!$A$1:$D$4652,2,FALSE) -> BS48~50左ﾈｼﾞA型ﾍﾟﾗﾅｯﾄ用平ﾅｯﾄ | D23: =VLOOKUP(B23,バーコード貼付!$A$1:$D$4652,3,FALSE) -> 80 | E23: =VLOOKUP(B23,バーコード貼付!$A$1:$D$4652,4,FALSE) -> 40 | G23: =IF(D23-E23>=0,0,1) -> 0 | I23: =IF(AND(D23<=0,D23-E23<0),1,0) -> 0 | O23: =E23-D23 -> -40
A24: 22 | B24: NB040381 | C24: =VLOOKUP(B24,バーコード貼付!$A$1:$D$4652,2,FALSE) -> BC軸38~40用B型ﾍﾟﾗﾅｯﾄ(左ﾈｼﾞ) | D24: =VLOOKUP(B24,バーコード貼付!$A$1:$D$4652,3,FALSE) -> 127 | E24: =VLOOKUP(B24,バーコード貼付!$A$1:$D$4652,4,FALSE) -> 30 | G24: =IF(D24-E24>=0,0,1) -> 0 | I24: =IF(AND(D24<=0,D24-E24<0),1,0) -> 0 | O24: =E24-D24 -> -97
A25: 23 | B25: NB040321 | C25: =VLOOKUP(B25,バーコード貼付!$A$1:$D$4652,2,FALSE) -> BC軸32~36用B型ﾍﾟﾗﾅｯﾄ(左ﾈｼﾞ) | D25: =VLOOKUP(B25,バーコード貼付!$A$1:$D$4652,3,FALSE) -> 105 | E25: =VLOOKUP(B25,バーコード貼付!$A$1:$D$4652,4,FALSE) -> 30 | G25: =IF(D25-E25>=0,0,1) -> 0 | I25: =IF(AND(D25<=0,D25-E25<0),1,0) -> 0 | O25: =E25-D25 -> -75
A26: 24 | B26: NA060221A | C26: =VLOOKUP(B26,バーコード貼付!$A$1:$D$4652,2,FALSE) -> BS22~25左ﾈｼﾞA型ﾍﾟﾗﾅｯﾄ用菊ﾅｯﾄ | D26: =VLOOKUP(B26,バーコード貼付!$A$1:$D$4652,3,FALSE) -> 330 | E26: =VLOOKUP(B26,バーコード貼付!$A$1:$D$4652,4,FALSE) -> 40 | G26: =IF(D26-E26>=0,0,1) -> 0 | I26: =IF(AND(D26<=0,D26-E26<0),1,0) -> 0 | O26: =E26-D26 -> -290
A27: 25 | B27: NA060481A | C27: =VLOOKUP(B27,バーコード貼付!$A$1:$D$4652,2,FALSE) -> BS48~50左ﾈｼﾞA型ﾍﾟﾗﾅｯﾄ用菊ﾅｯﾄ | D27: =VLOOKUP(B27,バーコード貼付!$A$1:$D$4652,3,FALSE) -> 96 | E27: =VLOOKUP(B27,バーコード貼付!$A$1:$D$4652,4,FALSE) -> 30 | G27: =IF(D27-E27>=0,0,1) -> 0 | I27: =IF(AND(D27<=0,D27-E27<0),1,0) -> 0 | O27: =E27-D27 -> -66
A28: 26 | B28: NA060551A | C28: =VLOOKUP(B28,バーコード貼付!$A$1:$D$4652,2,FALSE) -> BS55左ﾈｼﾞA型ﾍﾟﾗﾅｯﾄ用菊ﾅｯﾄ | D28: =VLOOKUP(B28,バーコード貼付!$A$1:$D$4652,3,FALSE) -> 48 | E28: =VLOOKUP(B28,バーコード貼付!$A$1:$D$4652,4,FALSE) -> 20 | G28: =IF(D28-E28>=0,0,1) -> 0 | I28: =IF(AND(D28<=0,D28-E28<0),1,0) -> 0 | O28: =E28-D28 -> -28
A29: 27 | B29: NA060601A | C29: =VLOOKUP(B29,バーコード貼付!$A$1:$D$4652,2,FALSE) -> BS60~65左ﾈｼﾞA型ﾍﾟﾗﾅｯﾄ用菊ﾅｯﾄ | D29: =VLOOKUP(B29,バーコード貼付!$A$1:$D$4652,3,FALSE) -> 44 | E29: =VLOOKUP(B29,バーコード貼付!$A$1:$D$4652,4,FALSE) -> 5 | G29: =IF(D29-E29>=0,0,1) -> 0 | I29: =IF(AND(D29<=0,D29-E29<0),1,0) -> 0 | O29: =E29-D29 -> -39
A30: 28 | B30: NA060701A | C30: =VLOOKUP(B30,バーコード貼付!$A$1:$D$4652,2,FALSE) -> BS70~75左ﾈｼﾞA型ﾍﾟﾗﾅｯﾄ用菊ﾅｯﾄ | D30: =VLOOKUP(B30,バーコード貼付!$A$1:$D$4652,3,FALSE) -> 44 | E30: =VLOOKUP(B30,バーコード貼付!$A$1:$D$4652,4,FALSE) -> 2 | G30: =IF(D30-E30>=0,0,1) -> 0 | I30: =IF(AND(D30<=0,D30-E30<0),1,0) -> 0 | O30: =E30-D30 -> -42
A31: 29 | B31: NA060801A | C31: =VLOOKUP(B31,バーコード貼付!$A$1:$D$4652,2,FALSE) -> BS80~85左ﾈｼﾞA型ﾍﾟﾗﾅｯﾄ用菊ﾅｯﾄ | D31: =VLOOKUP(B31,バーコード貼付!$A$1:$D$4652,3,FALSE) -> 46 | E31: 46 | G31: =IF(D31-E31>=0,0,1) -> 0 | I31: =IF(AND(D31<=0,D31-E31<0),1,0) -> 0 | O31: =E31-D31 -> 0
A32: 30 | B32: NA060901A | C32: =VLOOKUP(B32,バーコード貼付!$A$1:$D$4652,2,FALSE) -> BS90~95左ﾈｼﾞA型ﾍﾟﾗﾅｯﾄ用菊ﾅｯﾄ | D32: =VLOOKUP(B32,バーコード貼付!$A$1:$D$4652,3,FALSE) -> 27 | E32: 26 | G32: =IF(D32-E32>=0,0,1) -> 0 | I32: =IF(AND(D32<=0,D32-E32<0),1,0) -> 0 | O32: =E32-D32 -> -1
A33: 31 | B33: NA060221B | C33: =VLOOKUP(B33,バーコード貼付!$A$1:$D$4652,2,FALSE) -> BS22~25左ﾈｼﾞA型ﾍﾟﾗﾅｯﾄ用平ﾅｯﾄ | D33: =VLOOKUP(B33,バーコード貼付!$A$1:$D$4652,3,FALSE) -> 206 | E33: =VLOOKUP(B33,バーコード貼付!$A$1:$D$4652,4,FALSE) -> 30 | G33: =IF(D33-E33>=0,0,1) -> 0 | I33: =IF(AND(D33<=0,D33-E33<0),1,0) -> 0 | O33: =E33-D33 -> -176
A34: 32 | B34: NA060281B | C34: =VLOOKUP(B34,バーコード貼付!$A$1:$D$4652,2,FALSE) -> BS28~30左ﾈｼﾞA型ﾍﾟﾗﾅｯﾄ用平ﾅｯﾄ | D34: =VLOOKUP(B34,バーコード貼付!$A$1:$D$4652,3,FALSE) -> 24 | E34: =VLOOKUP(B34,バーコード貼付!$A$1:$D$4652,4,FALSE) -> 10 | G34: =IF(D34-E34>=0,0,1) -> 0 | I34: =IF(AND(D34<=0,D34-E34<0),1,0) -> 0 | O34: =E34-D34 -> -14
A35: 33 | B35: NA060321B | C35: =VLOOKUP(B35,バーコード貼付!$A$1:$D$4652,2,FALSE) -> BS32~36左ﾈｼﾞA型ﾍﾟﾗﾅｯﾄ用平ﾅｯﾄ | D35: =VLOOKUP(B35,バーコード貼付!$A$1:$D$4652,3,FALSE) -> 55 | E35: =VLOOKUP(B35,バーコード貼付!$A$1:$D$4652,4,FALSE) -> 50 | G35: =IF(D35-E35>=0,0,1) -> 0 | I35: =IF(AND(D35<=0,D35-E35<0),1,0) -> 0 | O35: =E35-D35 -> -5
A36: 34 | B36: NA060551B | C36: =VLOOKUP(B36,バーコード貼付!$A$1:$D$4652,2,FALSE) -> BS55左ﾈｼﾞA型ﾍﾟﾗﾅｯﾄ用平ﾅｯﾄ | D36: =VLOOKUP(B36,バーコード貼付!$A$1:$D$4652,3,FALSE) -> 27 | E36: =VLOOKUP(B36,バーコード貼付!$A$1:$D$4652,4,FALSE) -> 20 | G36: =IF(D36-E36>=0,0,1) -> 0 | I36: =IF(AND(D36<=0,D36-E36<0),1,0) -> 0 | O36: =E36-D36 -> -7
A37: 35 | B37: NA060601B | C37: =VLOOKUP(B37,バーコード貼付!$A$1:$D$4652,2,FALSE) -> BS60~65左ﾈｼﾞA型ﾍﾟﾗﾅｯﾄ用平ﾅｯﾄ | D37: =VLOOKUP(B37,バーコード貼付!$A$1:$D$4652,3,FALSE) -> 70 | E37: =VLOOKUP(B37,バーコード貼付!$A$1:$D$4652,4,FALSE) -> 5 | G37: =IF(D37-E37>=0,0,1) -> 0 | I37: =IF(AND(D37<=0,D37-E37<0),1,0) -> 0 | O37: =E37-D37 -> -65
A38: 36 | B38: NA060701B | C38: =VLOOKUP(B38,バーコード貼付!$A$1:$D$4652,2,FALSE) -> BS70~75左ﾈｼﾞA型ﾍﾟﾗﾅｯﾄ用平ﾅｯﾄ | D38: =VLOOKUP(B38,バーコード貼付!$A$1:$D$4652,3,FALSE) -> 2 | E38: 2 | G38: =IF(D38-E38>=0,0,1) -> 0 | I38: =IF(AND(D38<=0,D38-E38<0),1,0) -> 0 | O38: =E38-D38 -> 0
A39: 37 | B39: NA060801B | C39: =VLOOKUP(B39,バーコード貼付!$A$1:$D$4652,2,FALSE) -> BS80~85左ﾈｼﾞA型ﾍﾟﾗﾅｯﾄ用平ﾅｯﾄ | D39: =VLOOKUP(B39,バーコード貼付!$A$1:$D$4652,3,FALSE) -> 36 | E39: 36 | G39: =IF(D39-E39>=0,0,1) -> 0 | I39: =IF(AND(D39<=0,D39-E39<0),1,0) -> 0 | O39: =E39-D39 -> 0
A40: 38 | B40: NA060901B | C40: =VLOOKUP(B40,バーコード貼付!$A$1:$D$4652,2,FALSE) -> BS90~95左ﾈｼﾞA型ﾍﾟﾗﾅｯﾄ用平ﾅｯﾄ | D40: =VLOOKUP(B40,バーコード貼付!$A$1:$D$4652,3,FALSE) -> 26 | E40: 25 | G40: =IF(D40-E40>=0,0,1) -> 0 | I40: =IF(AND(D40<=0,D40-E40<0),1,0) -> 0 | O40: =E40-D40 -> -1
A41: 39 | B41: NA060220A | C41: =VLOOKUP(B41,バーコード貼付!$A$1:$D$4652,2,FALSE) -> BS22~25右ﾈｼﾞA型ﾍﾟﾗﾅｯﾄ用菊ﾅｯﾄ | D41: =VLOOKUP(B41,バーコード貼付!$A$1:$D$4652,3,FALSE) -> 161 | E41: =VLOOKUP(B41,バーコード貼付!$A$1:$D$4652,4,FALSE) -> 10 | G41: =IF(D41-E41>=0,0,1) -> 0 | I41: =IF(AND(D41<=0,D41-E41<0),1,0) -> 0 | O41: =E41-D41 -> -151
A42: 40 | B42: NA060280A | C42: =VLOOKUP(B42,バーコード貼付!$A$1:$D$4652,2,FALSE) -> BS28~30右ﾈｼﾞA型ﾍﾟﾗﾅｯﾄ用菊ﾅｯﾄ | D42: =VLOOKUP(B42,バーコード貼付!$A$1:$D$4652,3,FALSE) -> 49 | E42: =VLOOKUP(B42,バーコード貼付!$A$1:$D$4652,4,FALSE) -> 5 | G42: =IF(D42-E42>=0,0,1) -> 0 | I42: =IF(AND(D42<=0,D42-E42<0),1,0) -> 0 | O42: =E42-D42 -> -44
A43: 41 | B43: NA060380A | C43: =VLOOKUP(B43,バーコード貼付!$A$1:$D$4652,2,FALSE) -> BS38~40右ﾈｼﾞA型ﾍﾟﾗﾅｯﾄ用菊ﾅｯﾄ | D43: =VLOOKUP(B43,バーコード貼付!$A$1:$D$4652,3,FALSE) -> 103 | E43: =VLOOKUP(B43,バーコード貼付!$A$1:$D$4652,4,FALSE) -> 5 | G43: =IF(D43-E43>=0,0,1) -> 0 | I43: =IF(AND(D43<=0,D43-E43<0),1,0) -> 0 | O43: =E43-D43 -> -98
A44: 42 | B44: NA060420A | C44: =VLOOKUP(B44,バーコード貼付!$A$1:$D$4652,2,FALSE) -> BS42~46右ﾈｼﾞA型ﾍﾟﾗﾅｯﾄ用菊ﾅｯﾄ | D44: =VLOOKUP(B44,バーコード貼付!$A$1:$D$4652,3,FALSE) -> 55 | E44: =VLOOKUP(B44,バーコード貼付!$A$1:$D$4652,4,FALSE) -> 5 | G44: =IF(D44-E44>=0,0,1) -> 0 | I44: =IF(AND(D44<=0,D44-E44<0),1,0) -> 0 | O44: =E44-D44 -> -50
A45: 43 | B45: NA060480A | C45: =VLOOKUP(B45,バーコード貼付!$A$1:$D$4652,2,FALSE) -> BS48~50右ﾈｼﾞA型ﾍﾟﾗﾅｯﾄ用菊ﾅｯﾄ | D45: =VLOOKUP(B45,バーコード貼付!$A$1:$D$4652,3,FALSE) -> 78 | E45: =VLOOKUP(B45,バーコード貼付!$A$1:$D$4652,4,FALSE) -> 10 | G45: =IF(D45-E45>=0,0,1) -> 0 | I45: =IF(AND(D45<=0,D45-E45<0),1,0) -> 0 | O45: =E45-D45 -> -68
A46: 44 | B46: NA060550A | C46: =VLOOKUP(B46,バーコード貼付!$A$1:$D$4652,2,FALSE) -> BS55右ﾈｼﾞA型ﾍﾟﾗﾅｯﾄ用菊ﾅｯﾄ | D46: =VLOOKUP(B46,バーコード貼付!$A$1:$D$4652,3,FALSE) -> 79 | E46: =VLOOKUP(B46,バーコード貼付!$A$1:$D$4652,4,FALSE) -> 10 | G46: =IF(D46-E46>=0,0,1) -> 0 | I46: =IF(AND(D46<=0,D46-E46<0),1,0) -> 0 | O46: =E46-D46 -> -69
A47: 45 | B47: NA060600A | C47: =VLOOKUP(B47,バーコード貼付!$A$1:$D$4652,2,FALSE) -> BS60~65右ﾈｼﾞA型ﾍﾟﾗﾅｯﾄ用菊ﾅｯﾄ | D47: =VLOOKUP(B47,バーコード貼付!$A$1:$D$4652,3,FALSE) -> 39 | E47: =VLOOKUP(B47,バーコード貼付!$A$1:$D$4652,4,FALSE) -> 3 | G47: =IF(D47-E47>=0,0,1) -> 0 | I47: =IF(AND(D47<=0,D47-E47<0),1,0) -> 0 | O47: =E47-D47 -> -36
A48: 46 | B48: NA060700A | C48: =VLOOKUP(B48,バーコード貼付!$A$1:$D$4652,2,FALSE) -> BS70~75右ﾈｼﾞA型ﾍﾟﾗﾅｯﾄ用菊ﾅｯﾄ | D48: =VLOOKUP(B48,バーコード貼付!$A$1:$D$4652,3,FALSE) -> 17 | E48: =VLOOKUP(B48,バーコード貼付!$A$1:$D$4652,4,FALSE) -> 3 | G48: =IF(D48-E48>=0,0,1) -> 0 | I48: =IF(AND(D48<=0,D48-E48<0),1,0) -> 0 | O48: =E48-D48 -> -14
A49: 47 | B49: NA060800A | C49: =VLOOKUP(B49,バーコード貼付!$A$1:$D$4652,2,FALSE) -> BS80~85右ﾈｼﾞA型ﾍﾟﾗﾅｯﾄ用菊ﾅｯﾄ | D49: =VLOOKUP(B49,バーコード貼付!$A$1:$D$4652,3,FALSE) -> 10 | E49: 10 | G49: =IF(D49-E49>=0,0,1) -> 0 | I49: =IF(AND(D49<=0,D49-E49<0),1,0) -> 0 | O49: =E49-D49 -> 0
A50: 48 | B50: NA060220B | C50: =VLOOKUP(B50,バーコード貼付!$A$1:$D$4652,2,FALSE) -> BS22~25右ﾈｼﾞA型ﾍﾟﾗﾅｯﾄ用平ﾅｯﾄ | D50: =VLOOKUP(B50,バーコード貼付!$A$1:$D$4652,3,FALSE) -> 128 | E50: =VLOOKUP(B50,バーコード貼付!$A$1:$D$4652,4,FALSE) -> 10 | G50: =IF(D50-E50>=0,0,1) -> 0 | I50: =IF(AND(D50<=0,D50-E50<0),1,0) -> 0 | O50: =E50-D50 -> -118
A51: 49 | B51: NA060280B | C51: =VLOOKUP(B51,バーコード貼付!$A$1:$D$4652,2,FALSE) -> BS28~30右ﾈｼﾞA型ﾍﾟﾗﾅｯﾄ用平ﾅｯﾄ | D51: =VLOOKUP(B51,バーコード貼付!$A$1:$D$4652,3,FALSE) -> 8 | E51: =VLOOKUP(B51,バーコード貼付!$A$1:$D$4652,4,FALSE) -> 5 | G51: =IF(D51-E51>=0,0,1) -> 0 | I51: =IF(AND(D51<=0,D51-E51<0),1,0) -> 0 | O51: =E51-D51 -> -3
A52: 50 | B52: NA060320B | C52: =VLOOKUP(B52,バーコード貼付!$A$1:$D$4652,2,FALSE) -> BS32~36右ﾈｼﾞA型ﾍﾟﾗﾅｯﾄ用平ﾅｯﾄ | D52: =VLOOKUP(B52,バーコード貼付!$A$1:$D$4652,3,FALSE) -> 64 | E52: =VLOOKUP(B52,バーコード貼付!$A$1:$D$4652,4,FALSE) -> 5 | G52: =IF(D52-E52>=0,0,1) -> 0 | I52: =IF(AND(D52<=0,D52-E52<0),1,0) -> 0 | O52: =E52-D52 -> -59
A53: 51 | B53: NA060380B | C53: =VLOOKUP(B53,バーコード貼付!$A$1:$D$4652,2,FALSE) -> BS38~40右ﾈｼﾞA型ﾍﾟﾗﾅｯﾄ用平ﾅｯﾄ | D53: =VLOOKUP(B53,バーコード貼付!$A$1:$D$4652,3,FALSE) -> 54 | E53: =VLOOKUP(B53,バーコード貼付!$A$1:$D$4652,4,FALSE) -> 5 | G53: =IF(D53-E53>=0,0,1) -> 0 | I53: =IF(AND(D53<=0,D53-E53<0),1,0) -> 0 | O53: =E53-D53 -> -49
A54: 52 | B54: NA060420B | C54: =VLOOKUP(B54,バーコード貼付!$A$1:$D$4652,2,FALSE) -> BS42~46右ﾈｼﾞA型ﾍﾟﾗﾅｯﾄ用平ﾅｯﾄ | D54: =VLOOKUP(B54,バーコード貼付!$A$1:$D$4652,3,FALSE) -> 158 | E54: =VLOOKUP(B54,バーコード貼付!$A$1:$D$4652,4,FALSE) -> 5 | G54: =IF(D54-E54>=0,0,1) -> 0 | I54: =IF(AND(D54<=0,D54-E54<0),1,0) -> 0 | O54: =E54-D54 -> -153
A55: 53 | B55: NA060480B | C55: =VLOOKUP(B55,バーコード貼付!$A$1:$D$4652,2,FALSE) -> BS48~50右ﾈｼﾞA型ﾍﾟﾗﾅｯﾄ用平ﾅｯﾄ | D55: =VLOOKUP(B55,バーコード貼付!$A$1:$D$4652,3,FALSE) -> 137 | E55: =VLOOKUP(B55,バーコード貼付!$A$1:$D$4652,4,FALSE) -> 5 | G55: =IF(D55-E55>=0,0,1) -> 0 | I55: =IF(AND(D55<=0,D55-E55<0),1,0) -> 0 | O55: =E55-D55 -> -132
A56: 54 | B56: NA060550B | C56: =VLOOKUP(B56,バーコード貼付!$A$1:$D$4652,2,FALSE) -> BS55右ﾈｼﾞA型ﾍﾟﾗﾅｯﾄ用平ﾅｯﾄ | D56: =VLOOKUP(B56,バーコード貼付!$A$1:$D$4652,3,FALSE) -> 51 | E56: =VLOOKUP(B56,バーコード貼付!$A$1:$D$4652,4,FALSE) -> 10 | G56: =IF(D56-E56>=0,0,1) -> 0 | I56: =IF(AND(D56<=0,D56-E56<0),1,0) -> 0 | O56: =E56-D56 -> -41
A57: 55 | B57: NA060600B | C57: =VLOOKUP(B57,バーコード貼付!$A$1:$D$4652,2,FALSE) -> BS60~65右ﾈｼﾞA型ﾍﾟﾗﾅｯﾄ用平ﾅｯﾄ | D57: =VLOOKUP(B57,バーコード貼付!$A$1:$D$4652,3,FALSE) -> 44 | E57: =VLOOKUP(B57,バーコード貼付!$A$1:$D$4652,4,FALSE) -> 3 | G57: =IF(D57-E57>=0,0,1) -> 0 | I57: =IF(AND(D57<=0,D57-E57<0),1,0) -> 0 | O57: =E57-D57 -> -41
A58: 56 | B58: NA060700B | C58: =VLOOKUP(B58,バーコード貼付!$A$1:$D$4652,2,FALSE) -> BS70~75右ﾈｼﾞA型ﾍﾟﾗﾅｯﾄ用平ﾅｯﾄ | D58: =VLOOKUP(B58,バーコード貼付!$A$1:$D$4652,3,FALSE) -> 5 | E58: =VLOOKUP(B58,バーコード貼付!$A$1:$D$4652,4,FALSE) -> 3 | G58: =IF(D58-E58>=0,0,1) -> 0 | I58: =IF(AND(D58<=0,D58-E58<0),1,0) -> 0 | O58: =E58-D58 -> -2
A59: 57 | B59: NA060800B | C59: =VLOOKUP(B59,バーコード貼付!$A$1:$D$4652,2,FALSE) -> BS80~85右ﾈｼﾞA型ﾍﾟﾗﾅｯﾄ用平ﾅｯﾄ | D59: =VLOOKUP(B59,バーコード貼付!$A$1:$D$4652,3,FALSE) -> 12 | E59: 12 | G59: =IF(D59-E59>=0,0,1) -> 0 | I59: =IF(AND(D59<=0,D59-E59<0),1,0) -> 0 | O59: =E59-D59 -> 0
A60: 58 | B60: NA060900B | C60: =VLOOKUP(B60,バーコード貼付!$A$1:$D$4652,2,FALSE) -> BS90~95右ﾈｼﾞA型ﾍﾟﾗﾅｯﾄ用平ﾅｯﾄ | D60: =VLOOKUP(B60,バーコード貼付!$A$1:$D$4652,3,FALSE) -> 10 | E60: 10 | G60: =IF(D60-E60>=0,0,1) -> 0 | I60: =IF(AND(D60<=0,D60-E60<0),1,0) -> 0 | O60: =E60-D60 -> 0
A61: 59 | B61: NB040281 | C61: =VLOOKUP(B61,バーコード貼付!$A$1:$D$4652,2,FALSE) -> BC軸28~30用B型ﾍﾟﾗﾅｯﾄ(左ﾈｼﾞ) | D61: =VLOOKUP(B61,バーコード貼付!$A$1:$D$4652,3,FALSE) -> 196 | E61: =VLOOKUP(B61,バーコード貼付!$A$1:$D$4652,4,FALSE) -> 20 | G61: =IF(D61-E61>=0,0,1) -> 0 | I61: =IF(AND(D61<=0,D61-E61<0),1,0) -> 0 | O61: =E61-D61 -> -176
A62: 60 | B62: NB040280 | C62: =VLOOKUP(B62,バーコード貼付!$A$1:$D$4652,2,FALSE) -> BC軸28~30用B型ﾍﾟﾗﾅｯﾄ(右ﾈｼﾞ) | D62: =VLOOKUP(B62,バーコード貼付!$A$1:$D$4652,3,FALSE) -> 47 | E62: =VLOOKUP(B62,バーコード貼付!$A$1:$D$4652,4,FALSE) -> 10 | G62: =IF(D62-E62>=0,0,1) -> 0 | I62: =IF(AND(D62<=0,D62-E62<0),1,0) -> 0 | O62: =E62-D62 -> -37
A63: 61 | B63: NB040320 | C63: =VLOOKUP(B63,バーコード貼付!$A$1:$D$4652,2,FALSE) -> BC軸32~36用B型ﾍﾟﾗﾅｯﾄ(右ﾈｼﾞ) | D63: =VLOOKUP(B63,バーコード貼付!$A$1:$D$4652,3,FALSE) -> 78 | E63: =VLOOKUP(B63,バーコード貼付!$A$1:$D$4652,4,FALSE) -> 10 | G63: =IF(D63-E63>=0,0,1) -> 0 | I63: =IF(AND(D63<=0,D63-E63<0),1,0) -> 0 | O63: =E63-D63 -> -68
A64: 62 | B64: NB040380 | C64: =VLOOKUP(B64,バーコード貼付!$A$1:$D$4652,2,FALSE) -> BC軸38~40用B型ﾍﾟﾗﾅｯﾄ(右ﾈｼﾞ) | D64: =VLOOKUP(B64,バーコード貼付!$A$1:$D$4652,3,FALSE) -> 40 | E64: =VLOOKUP(B64,バーコード貼付!$A$1:$D$4652,4,FALSE) -> 10 | G64: =IF(D64-E64>=0,0,1) -> 0 | I64: =IF(AND(D64<=0,D64-E64<0),1,0) -> 0 | O64: =E64-D64 -> -30
A65: 63 | B65: NB3040750 | C65: =VLOOKUP(B65,バーコード貼付!$A$1:$D$4652,2,FALSE) -> BC軸75用B3型ﾍﾟﾗﾅｯﾄ(右ﾈｼﾞ) | D65: =VLOOKUP(B65,バーコード貼付!$A$1:$D$4652,3,FALSE) -> 26 | E65: =VLOOKUP(B65,バーコード貼付!$A$1:$D$4652,4,FALSE) -> 20 | G65: =IF(D65-E65>=0,0,1) -> 0 | I65: =IF(AND(D65<=0,D65-E65<0),1,0) -> 0 | O65: =E65-D65 -> -6
B66: NB040421 | C66: =VLOOKUP(B66,バーコード貼付!$A$1:$D$4652,2,FALSE) -> #N/A | D66: =VLOOKUP(B66,バーコード貼付!$A$1:$D$4652,3,FALSE) -> #N/A

Sheet 8
F1: =TODAY()-90 -> 46203
A2: 番号 | B2: コード | C2: 8.ホース類 | D2: 在庫数 | E2: 発注点 | F2: 発注点割れ | G2: =SUM(G3:G135) -> 5 | H2: 在庫欠品 | I2: =SUM(I3:I135) -> 0 | P2: =P1+1 -> 1
A3: 1 | B3: LB90038 | C3: =VLOOKUP(B3,バーコード貼付!$A$1:$D$4652,2,FALSE) -> BC38(11/2)TW型90゜ｴﾙﾎﾞ | D3: =VLOOKUP(B3,バーコード貼付!$A$1:$D$4652,3,FALSE) -> 29 | E3: =VLOOKUP(B3,バーコード貼付!$A$1:$D$4652,4,FALSE) -> 30 | F3: 46211 | G3: =IF(D3-E3>=0,0,1) -> 1 | I3: =IF(AND(D3<=0,D3-E3<0),1,0) -> 0 | O3: =E3-D3 -> 1
A4: 2 | B4: KA87076 | C4: =VLOOKUP(B4,バーコード貼付!$A$1:$D$4652,2,FALSE) -> BC3”(76)80゜ｴﾙﾎﾞ | D4: =VLOOKUP(B4,バーコード貼付!$A$1:$D$4652,3,FALSE) -> 2 | E4: =VLOOKUP(B4,バーコード貼付!$A$1:$D$4652,4,FALSE) -> 10 | F4: 46239 | G4: =IF(D4-E4>=0,0,1) -> 1 | I4: =IF(AND(D4<=0,D4-E4<0),1,0) -> 0 | O4: =E4-D4 -> 8
A5: 3 | B5: FM04065 | C5: =VLOOKUP(B5,バーコード貼付!$A$1:$D$4652,2,FALSE) -> BC21/2(65)L型ﾎｰｽ接手 | D5: =VLOOKUP(B5,バーコード貼付!$A$1:$D$4652,3,FALSE) -> 181 | E5: =VLOOKUP(B5,バーコード貼付!$A$1:$D$4652,4,FALSE) -> 300 | F5: 46251 | G5: =IF(D5-E5>=0,0,1) -> 1 | I5: =IF(AND(D5<=0,D5-E5<0),1,0) -> 0 | O5: =E5-D5 -> 119
A6: 4 | B6: RD06032 | C6: =VLOOKUP(B6,バーコード貼付!$A$1:$D$4652,2,FALSE) -> BC11/4(32)ﾎｰｽﾆｯﾌﾟﾙ(ﾀｹﾉｺ) | D6: =VLOOKUP(B6,バーコード貼付!$A$1:$D$4652,3,FALSE) -> 132 | E6: =VLOOKUP(B6,バーコード貼付!$A$1:$D$4652,4,FALSE) -> 150 | F6: 46266 | G6: =IF(D6-E6>=0,0,1) -> 1 | I6: =IF(AND(D6<=0,D6-E6<0),1,0) -> 0 | O6: =E6-D6 -> 18
A7: 5 | B7: RD06025 | C7: =VLOOKUP(B7,バーコード貼付!$A$1:$D$4652,2,FALSE) -> BC1”(25)ﾎｰｽﾆｯﾌﾟﾙ(ﾀｹﾉｺ) | D7: =VLOOKUP(B7,バーコード貼付!$A$1:$D$4652,3,FALSE) -> 176 | E7: =VLOOKUP(B7,バーコード貼付!$A$1:$D$4652,4,FALSE) -> 200 | F7: 46289 | G7: =IF(D7-E7>=0,0,1) -> 1 | I7: =IF(AND(D7<=0,D7-E7<0),1,0) -> 0 | O7: =E7-D7 -> 24
A8: 6 | B8: RD06038 | C8: =VLOOKUP(B8,バーコード貼付!$A$1:$D$4652,2,FALSE) -> BC11/2(38)ﾎｰｽﾆｯﾌﾟﾙ(ﾀｹﾉｺ) | D8: =VLOOKUP(B8,バーコード貼付!$A$1:$D$4652,3,FALSE) -> 67 | E8: 4 | G8: =IF(D8-E8>=0,0,1) -> 0 | I8: =IF(AND(D8<=0,D8-E8<0),1,0) -> 0 | O8: =E8-D8 -> -63
A9: 7 | B9: RD06065 | C9: =VLOOKUP(B9,バーコード貼付!$A$1:$D$4652,2,FALSE) -> BC21/2(65)ﾎｰｽﾆｯﾌﾟﾙ(ﾀｹﾉｺ) | D9: =VLOOKUP(B9,バーコード貼付!$A$1:$D$4652,3,FALSE) -> 82 | E9: 65 | G9: =IF(D9-E9>=0,0,1) -> 0 | I9: =IF(AND(D9<=0,D9-E9<0),1,0) -> 0 | O9: =E9-D9 -> -17
A10: 8 | B10: JU0612 | C10: =VLOOKUP(B10,バーコード貼付!$A$1:$D$4652,2,FALSE) -> BSJU12φ中間ｸｲ込ｼﾞｮｲﾝﾄ | D10: =VLOOKUP(B10,バーコード貼付!$A$1:$D$4652,3,FALSE) -> 770 | E10: =VLOOKUP(B10,バーコード貼付!$A$1:$D$4652,4,FALSE) -> 150 | G10: =IF(D10-E10>=0,0,1) -> 0 | I10: =IF(AND(D10<=0,D10-E10<0),1,0) -> 0 | O10: =E10-D10 -> -620
A11: 9 | B11: NAF04065 | C11: =VLOOKUP(B11,バーコード貼付!$A$1:$D$4652,2,FALSE) -> BC5K-65ﾈｼﾞ込合ﾌﾗﾝｼﾞ | D11: =VLOOKUP(B11,バーコード貼付!$A$1:$D$4652,3,FALSE) -> 51 | E11: 7 | G11: =IF(D11-E11>=0,0,1) -> 0 | I11: =IF(AND(D11<=0,D11-E11<0),1,0) -> 0 | O11: =E11-D11 -> -44
A12: 10 | B12: BCB6550 | C12: =VLOOKUP(B12,バーコード貼付!$A$1:$D$4652,2,FALSE) -> BC21/2(65)*2”(50)ﾌﾞｯｼﾝｸﾞ | D12: =VLOOKUP(B12,バーコード貼付!$A$1:$D$4652,3,FALSE) -> 98 | E12: 31 | G12: =IF(D12-E12>=0,0,1) -> 0 | I12: =IF(AND(D12<=0,D12-E12<0),1,0) -> 0 | O12: =E12-D12 -> -67
A13: 11 | B13: RD06050 | C13: =VLOOKUP(B13,バーコード貼付!$A$1:$D$4652,2,FALSE) -> BC2”(50)ﾎｰｽﾆｯﾌﾟﾙ(ﾀｹﾉｺ) | D13: =VLOOKUP(B13,バーコード貼付!$A$1:$D$4652,3,FALSE) -> 442 | E13: 78 | G13: =IF(D13-E13>=0,0,1) -> 0 | I13: =IF(AND(D13<=0,D13-E13<0),1,0) -> 0 | O13: =E13-D13 -> -364
A14: 12 | B14: NAF04032 | C14: =VLOOKUP(B14,バーコード貼付!$A$1:$D$4652,2,FALSE) -> BC5K-32ﾈｼﾞ込合ﾌﾗﾝｼﾞ | D14: =VLOOKUP(B14,バーコード貼付!$A$1:$D$4652,3,FALSE) -> 60 | E14: 7 | G14: =IF(D14-E14>=0,0,1) -> 0 | I14: =IF(AND(D14<=0,D14-E14<0),1,0) -> 0 | O14: =E14-D14 -> -53
A15: 13 | B15: SC04020 | C15: =VLOOKUP(B15,バーコード貼付!$A$1:$D$4652,2,FALSE) -> BC3/4ｽﾙﾊﾙｺﾈｸｼｮﾝ | D15: =VLOOKUP(B15,バーコード貼付!$A$1:$D$4652,3,FALSE) -> 195 | E15: 13 | G15: =IF(D15-E15>=0,0,1) -> 0 | I15: =IF(AND(D15<=0,D15-E15<0),1,0) -> 0 | O15: =E15-D15 -> -182
A16: 14 | B16: FM04050 | C16: =VLOOKUP(B16,バーコード貼付!$A$1:$D$4652,2,FALSE) -> BC2”(50)L型ﾎｰｽ接手 | D16: =VLOOKUP(B16,バーコード貼付!$A$1:$D$4652,3,FALSE) -> 487 | E16: =VLOOKUP(B16,バーコード貼付!$A$1:$D$4652,4,FALSE) -> 300 | G16: =IF(D16-E16>=0,0,1) -> 0 | I16: =IF(AND(D16<=0,D16-E16<0),1,0) -> 0 | O16: =E16-D16 -> -187
A17: 15 | B17: FR06065 | C17: =VLOOKUP(B17,バーコード貼付!$A$1:$D$4652,2,FALSE) -> BC5K-65A合ﾌﾗﾝｼﾞ155x72 | D17: =VLOOKUP(B17,バーコード貼付!$A$1:$D$4652,3,FALSE) -> 76 | E17: 4 | G17: =IF(D17-E17>=0,0,1) -> 0 | I17: =IF(AND(D17<=0,D17-E17<0),1,0) -> 0 | O17: =E17-D17 -> -72
A18: 16 | B18: NAF04050 | C18: =VLOOKUP(B18,バーコード貼付!$A$1:$D$4652,2,FALSE) -> BC5K-50ﾈｼﾞ込合ﾌﾗﾝｼﾞ | D18: =VLOOKUP(B18,バーコード貼付!$A$1:$D$4652,3,FALSE) -> 104 | E18: 15 | G18: =IF(D18-E18>=0,0,1) -> 0 | I18: =IF(AND(D18<=0,D18-E18<0),1,0) -> 0 | O18: =E18-D18 -> -89
A19: 17 | B19: NAF04080 | C19: =VLOOKUP(B19,バーコード貼付!$A$1:$D$4652,2,FALSE) -> BC5K-80ﾈｼﾞ込合ﾌﾗﾝｼﾞ | D19: =VLOOKUP(B19,バーコード貼付!$A$1:$D$4652,3,FALSE) -> 7 | E19: =VLOOKUP(B19,バーコード貼付!$A$1:$D$4652,4,FALSE) -> 3 | G19: =IF(D19-E19>=0,0,1) -> 0 | I19: =IF(AND(D19<=0,D19-E19<0),1,0) -> 0 | O19: =E19-D19 -> -4
A20: 18 | B20: RES06016 | C20: =VLOOKUP(B20,バーコード貼付!$A$1:$D$4652,2,FALSE) -> 真鍮5/8(16)S型船外ﾆｯﾌﾟﾙ | D20: =VLOOKUP(B20,バーコード貼付!$A$1:$D$4652,3,FALSE) -> 311 | E20: =VLOOKUP(B20,バーコード貼付!$A$1:$D$4652,4,FALSE) -> 150 | G20: =IF(D20-E20>=0,0,1) -> 0 | I20: =IF(AND(D20<=0,D20-E20<0),1,0) -> 0 | O20: =E20-D20 -> -161
A21: 19 | B21: JC061212 | C21: =VLOOKUP(B21,バーコード貼付!$A$1:$D$4652,2,FALSE) -> BSJCPT1/2*12φ片口ｸｲ込ｼﾞｮｲﾝﾄ | D21: =VLOOKUP(B21,バーコード貼付!$A$1:$D$4652,3,FALSE) -> 289 | E21: =VLOOKUP(B21,バーコード貼付!$A$1:$D$4652,4,FALSE) -> 75 | G21: =IF(D21-E21>=0,0,1) -> 0 | I21: =IF(AND(D21<=0,D21-E21<0),1,0) -> 0 | O21: =E21-D21 -> -214
A22: 20 | B22: FR06025 | C22: =VLOOKUP(B22,バーコード貼付!$A$1:$D$4652,2,FALSE) -> BC5K-25A合ﾌﾗﾝｼﾞ95x30 | D22: =VLOOKUP(B22,バーコード貼付!$A$1:$D$4652,3,FALSE) -> 7 | E22: 4 | G22: =IF(D22-E22>=0,0,1) -> 0 | I22: =IF(AND(D22<=0,D22-E22<0),1,0) -> 0 | O22: =E22-D22 -> -3
A23: 21 | B23: KA87012 | C23: =VLOOKUP(B23,バーコード貼付!$A$1:$D$4652,2,FALSE) -> BC1/2(12)80゜ｴﾙﾎﾞ | D23: =VLOOKUP(B23,バーコード貼付!$A$1:$D$4652,3,FALSE) -> 17 | E23: 2 | G23: =IF(D23-E23>=0,0,1) -> 0 | I23: =IF(AND(D23<=0,D23-E23<0),1,0) -> 0 | O23: =E23-D23 -> -15
A24: 22 | B24: LB90076 | C24: =VLOOKUP(B24,バーコード貼付!$A$1:$D$4652,2,FALSE) -> BC76(3”)TW型90゜ｴﾙﾎﾞ | D24: =VLOOKUP(B24,バーコード貼付!$A$1:$D$4652,3,FALSE) -> 109 | E24: =VLOOKUP(B24,バーコード貼付!$A$1:$D$4652,4,FALSE) -> 10 | G24: =IF(D24-E24>=0,0,1) -> 0 | I24: =IF(AND(D24<=0,D24-E24<0),1,0) -> 0 | O24: =E24-D24 -> -99
A25: 23 | B25: NAF04040 | C25: =VLOOKUP(B25,バーコード貼付!$A$1:$D$4652,2,FALSE) -> BC5K-40ﾈｼﾞ込合ﾌﾗﾝｼﾞ | D25: =VLOOKUP(B25,バーコード貼付!$A$1:$D$4652,3,FALSE) -> 15 | E25: =VLOOKUP(B25,バーコード貼付!$A$1:$D$4652,4,FALSE) -> 10 | G25: =IF(D25-E25>=0,0,1) -> 0 | I25: =IF(AND(D25<=0,D25-E25<0),1,0) -> 0 | O25: =E25-D25 -> -5
A26: 24 | B26: FR06040 | C26: =VLOOKUP(B26,バーコード貼付!$A$1:$D$4652,2,FALSE) -> BC5K-40A合ﾌﾗﾝｼﾞ120x45 | D26: =VLOOKUP(B26,バーコード貼付!$A$1:$D$4652,3,FALSE) -> 53 | E26: =VLOOKUP(B26,バーコード貼付!$A$1:$D$4652,4,FALSE) -> 20 | G26: =IF(D26-E26>=0,0,1) -> 0 | I26: =IF(AND(D26<=0,D26-E26<0),1,0) -> 0 | O26: =E26-D26 -> -33
A27: 25 | B27: RM06038 | C27: =VLOOKUP(B27,バーコード貼付!$A$1:$D$4652,2,FALSE) -> BS11/2ﾃﾞｯｷﾋﾟｰｽ用ﾌﾀ | D27: =VLOOKUP(B27,バーコード貼付!$A$1:$D$4652,3,FALSE) -> 150 | E27: 10 | G27: =IF(D27-E27>=0,0,1) -> 0 | I27: =IF(AND(D27<=0,D27-E27<0),1,0) -> 0 | O27: =E27-D27 -> -140
A28: 26 | B28: RES06050 | C28: =VLOOKUP(B28,バーコード貼付!$A$1:$D$4652,2,FALSE) -> 真鍮2”(50)S型船外ﾆｯﾌﾟﾙ | D28: =VLOOKUP(B28,バーコード貼付!$A$1:$D$4652,3,FALSE) -> 85 | E28: 5 | G28: =IF(D28-E28>=0,0,1) -> 0 | I28: =IF(AND(D28<=0,D28-E28<0),1,0) -> 0 | O28: =E28-D28 -> -80
A29: 27 | B29: FRM04025 | C29: =VLOOKUP(B29,バーコード貼付!$A$1:$D$4652,2,FALSE) -> BC5K-25閉止ﾌﾗﾝｼﾞ直径95 | D29: =VLOOKUP(B29,バーコード貼付!$A$1:$D$4652,3,FALSE) -> 33 | E29: 3 | G29: =IF(D29-E29>=0,0,1) -> 0 | I29: =IF(AND(D29<=0,D29-E29<0),1,0) -> 0 | O29: =E29-D29 -> -30
A30: 28 | B30: RES06019 | C30: =VLOOKUP(B30,バーコード貼付!$A$1:$D$4652,2,FALSE) -> 真鍮3/4(19)S型船外ﾆｯﾌﾟﾙ | D30: =VLOOKUP(B30,バーコード貼付!$A$1:$D$4652,3,FALSE) -> 387 | E30: 24 | G30: =IF(D30-E30>=0,0,1) -> 0 | I30: =IF(AND(D30<=0,D30-E30<0),1,0) -> 0 | O30: =E30-D30 -> -363
A31: 29 | B31: KA87050 | C31: =VLOOKUP(B31,バーコード貼付!$A$1:$D$4652,2,FALSE) -> BC2”(50)80゜ｴﾙﾎﾞ | D31: =VLOOKUP(B31,バーコード貼付!$A$1:$D$4652,3,FALSE) -> 326 | E31: =VLOOKUP(B31,バーコード貼付!$A$1:$D$4652,4,FALSE) -> 100 | G31: =IF(D31-E31>=0,0,1) -> 0 | I31: =IF(AND(D31<=0,D31-E31<0),1,0) -> 0 | O31: =E31-D31 -> -226
A32: 30 | B32: RD06003 | C32: =VLOOKUP(B32,バーコード貼付!$A$1:$D$4652,2,FALSE) -> 真鍮1/8ﾎｰｽﾆｯﾌﾟﾙ(ﾀｹﾉｺ) | D32: =VLOOKUP(B32,バーコード貼付!$A$1:$D$4652,3,FALSE) -> 6 | E32: 6 | G32: =IF(D32-E32>=0,0,1) -> 0 | I32: =IF(AND(D32<=0,D32-E32<0),1,0) -> 0 | O32: =E32-D32 -> 0
A33: 31 | B33: FM04032 | C33: =VLOOKUP(B33,バーコード貼付!$A$1:$D$4652,2,FALSE) -> BC11/4(32)L型ﾎｰｽ接手 | D33: =VLOOKUP(B33,バーコード貼付!$A$1:$D$4652,3,FALSE) -> 424 | E33: 43 | G33: =IF(D33-E33>=0,0,1) -> 0 | I33: =IF(AND(D33<=0,D33-E33<0),1,0) -> 0 | O33: =E33-D33 -> -381
A34: 32 | B34: JU0610 | C34: =VLOOKUP(B34,バーコード貼付!$A$1:$D$4652,2,FALSE) -> BSJU10φ中間ｸｲ込ｼﾞｮｲﾝﾄ | D34: =VLOOKUP(B34,バーコード貼付!$A$1:$D$4652,3,FALSE) -> 330 | E34: =VLOOKUP(B34,バーコード貼付!$A$1:$D$4652,4,FALSE) -> 100 | G34: =IF(D34-E34>=0,0,1) -> 0 | I34: =IF(AND(D34<=0,D34-E34<0),1,0) -> 0 | O34: =E34-D34 -> -230
A35: 33 | B35: JU0615 | C35: =VLOOKUP(B35,バーコード貼付!$A$1:$D$4652,2,FALSE) -> BSJU15φ中間ｸｲ込ｼﾞｮｲﾝﾄ | D35: =VLOOKUP(B35,バーコード貼付!$A$1:$D$4652,3,FALSE) -> 224 | E35: =VLOOKUP(B35,バーコード貼付!$A$1:$D$4652,4,FALSE) -> 100 | G35: =IF(D35-E35>=0,0,1) -> 0 | I35: =IF(AND(D35<=0,D35-E35<0),1,0) -> 0 | O35: =E35-D35 -> -124
A36: 34 | B36: KA87038 | C36: =VLOOKUP(B36,バーコード貼付!$A$1:$D$4652,2,FALSE) -> BC11/2(38)80゜ｴﾙﾎﾞ | D36: =VLOOKUP(B36,バーコード貼付!$A$1:$D$4652,3,FALSE) -> 269 | E36: =VLOOKUP(B36,バーコード貼付!$A$1:$D$4652,4,FALSE) -> 120 | G36: =IF(D36-E36>=0,0,1) -> 0 | I36: =IF(AND(D36<=0,D36-E36<0),1,0) -> 0 | O36: =E36-D36 -> -149
A37: 35 | B37: SC04025 | C37: =VLOOKUP(B37,バーコード貼付!$A$1:$D$4652,2,FALSE) -> BC1”ｽﾙﾊﾙｺﾈｸｼｮﾝ | D37: =VLOOKUP(B37,バーコード貼付!$A$1:$D$4652,3,FALSE) -> 130 | E37: =VLOOKUP(B37,バーコード貼付!$A$1:$D$4652,4,FALSE) -> 50 | G37: =IF(D37-E37>=0,0,1) -> 0 | I37: =IF(AND(D37<=0,D37-E37<0),1,0) -> 0 | O37: =E37-D37 -> -80
A38: 36 | B38: FM04038 | C38: =VLOOKUP(B38,バーコード貼付!$A$1:$D$4652,2,FALSE) -> BC11/2(38)L型ﾎｰｽ接手 | D38: =VLOOKUP(B38,バーコード貼付!$A$1:$D$4652,3,FALSE) -> 389 | E38: =VLOOKUP(B38,バーコード貼付!$A$1:$D$4652,4,FALSE) -> 180 | G38: =IF(D38-E38>=0,0,1) -> 0 | I38: =IF(AND(D38<=0,D38-E38<0),1,0) -> 0 | O38: =E38-D38 -> -209
A39: 37 | B39: FRM04032 | C39: =VLOOKUP(B39,バーコード貼付!$A$1:$D$4652,2,FALSE) -> BC5K-32閉止ﾌﾗﾝｼﾞ直径115 | D39: =VLOOKUP(B39,バーコード貼付!$A$1:$D$4652,3,FALSE) -> 16 | E39: =VLOOKUP(B39,バーコード貼付!$A$1:$D$4652,4,FALSE) -> 10 | G39: =IF(D39-E39>=0,0,1) -> 0 | I39: =IF(AND(D39<=0,D39-E39<0),1,0) -> 0 | O39: =E39-D39 -> -6
A40: 38 | B40: KA87019 | C40: =VLOOKUP(B40,バーコード貼付!$A$1:$D$4652,2,FALSE) -> BC3/4(19)*3/4(19)80゜ｴﾙﾎﾞ | D40: =VLOOKUP(B40,バーコード貼付!$A$1:$D$4652,3,FALSE) -> 401 | E40: =VLOOKUP(B40,バーコード貼付!$A$1:$D$4652,4,FALSE) -> 50 | G40: =IF(D40-E40>=0,0,1) -> 0 | I40: =IF(AND(D40<=0,D40-E40<0),1,0) -> 0 | O40: =E40-D40 -> -351
A41: 39 | B41: KA8701925 | C41: =VLOOKUP(B41,バーコード貼付!$A$1:$D$4652,2,FALSE) -> BC3/4(19)*1”(25)80゜ｴﾙﾎﾞ | D41: =VLOOKUP(B41,バーコード貼付!$A$1:$D$4652,3,FALSE) -> 31 | E41: =VLOOKUP(B41,バーコード貼付!$A$1:$D$4652,4,FALSE) -> 10 | G41: =IF(D41-E41>=0,0,1) -> 0 | I41: =IF(AND(D41<=0,D41-E41<0),1,0) -> 0 | O41: =E41-D41 -> -21
A42: 40 | B42: KA87025 | C42: =VLOOKUP(B42,バーコード貼付!$A$1:$D$4652,2,FALSE) -> BC1”(25)80゜ｴﾙﾎﾞ | D42: =VLOOKUP(B42,バーコード貼付!$A$1:$D$4652,3,FALSE) -> 269 | E42: =VLOOKUP(B42,バーコード貼付!$A$1:$D$4652,4,FALSE) -> 150 | G42: =IF(D42-E42>=0,0,1) -> 0 | I42: =IF(AND(D42<=0,D42-E42<0),1,0) -> 0 | O42: =E42-D42 -> -119
A43: 41 | B43: KA87032 | C43: =VLOOKUP(B43,バーコード貼付!$A$1:$D$4652,2,FALSE) -> BC11/4(32)80゜ｴﾙﾎﾞ | D43: =VLOOKUP(B43,バーコード貼付!$A$1:$D$4652,3,FALSE) -> 244 | E43: =VLOOKUP(B43,バーコード貼付!$A$1:$D$4652,4,FALSE) -> 50 | G43: =IF(D43-E43>=0,0,1) -> 0 | I43: =IF(AND(D43<=0,D43-E43<0),1,0) -> 0 | O43: =E43-D43 -> -194
A44: 42 | B44: KA87065 | C44: =VLOOKUP(B44,バーコード貼付!$A$1:$D$4652,2,FALSE) -> BC21/2(65)80゜ｴﾙﾎﾞ | D44: =VLOOKUP(B44,バーコード貼付!$A$1:$D$4652,3,FALSE) -> 173 | E44: =VLOOKUP(B44,バーコード貼付!$A$1:$D$4652,4,FALSE) -> 50 | G44: =IF(D44-E44>=0,0,1) -> 0 | I44: =IF(AND(D44<=0,D44-E44<0),1,0) -> 0 | O44: =E44-D44 -> -123
A45: 43 | B45: LB90025 | C45: =VLOOKUP(B45,バーコード貼付!$A$1:$D$4652,2,FALSE) -> BC25(1”)TW型90゜ｴﾙﾎﾞ | D45: =VLOOKUP(B45,バーコード貼付!$A$1:$D$4652,3,FALSE) -> 156 | E45: =VLOOKUP(B45,バーコード貼付!$A$1:$D$4652,4,FALSE) -> 30 | G45: =IF(D45-E45>=0,0,1) -> 0 | I45: =IF(AND(D45<=0,D45-E45<0),1,0) -> 0 | O45: =E45-D45 -> -126
... A135: 133 | B135: JC060915 | C135: =VLOOKUP(B135,バーコード貼付!$A$1:$D$4652,2,FALSE) -> BSJCPT3/8*15φ片口ｸｲ込ｼﾞｮｲﾝﾄ | D135: =VLOOKUP(B135,バーコード貼付!$A$1:$D$4652,3,FALSE) -> 246 | E135: =VLOOKUP(B135,バーコード貼付!$A$1:$D$4652,4,FALSE) -> 30 | G135: =IF(D135-E135>=0,0,1) -> 0 | I135: =IF(AND(D135<=0,D135-E135<0),1,0) -> 0 | O135: =E135-D135 -> -216

Sheet 9
F1: =TODAY()-90 -> 46203
A2: 番号 | B2: コード | C2: 9.シールリング | D2: 在庫数 | E2: 発注点 | F2: 発注点割れ | G2: =SUM(G3:G42) -> 5 | H2: 在庫欠品 | I2: =SUM(I3:I42) -> 0 | P2: =P1+1 -> 1
A3: 1 | B3: TR07048 | C3: =VLOOKUP(B3,バーコード貼付!$A$1:$D$4652,2,FALSE) -> SUS31648ｼｰﾙｽﾀﾝ用ｼｰﾙﾘﾝｸﾞ | D3: =VLOOKUP(B3,バーコード貼付!$A$1:$D$4652,3,FALSE) -> 2 | E3: 4 | F3: 46234 | G3: =IF(D3-E3>=0,0,1) -> 1 | I3: =IF(AND(D3<=0,D3-E3<0),1,0) -> 0 | O3: =E3-D3 -> 2
A4: 2 | B4: TR07055 | C4: =VLOOKUP(B4,バーコード貼付!$A$1:$D$4652,2,FALSE) -> SUS31655ｼｰﾙｽﾀﾝ用ｼｰﾙﾘﾝｸﾞ | D4: =VLOOKUP(B4,バーコード貼付!$A$1:$D$4652,3,FALSE) -> 5 | E4: 20 | F4: 46267 | G4: =IF(D4-E4>=0,0,1) -> 1 | I4: =IF(AND(D4<=0,D4-E4<0),1,0) -> 0 | O4: =E4-D4 -> 15
A5: 3 | B5: TR07050 | C5: =VLOOKUP(B5,バーコード貼付!$A$1:$D$4652,2,FALSE) -> SUS31650ｼｰﾙｽﾀﾝ用ｼｰﾙﾘﾝｸﾞ | D5: =VLOOKUP(B5,バーコード貼付!$A$1:$D$4652,3,FALSE) -> 17 | E5: 22 | F5: 46281 | G5: =IF(D5-E5>=0,0,1) -> 1 | I5: =IF(AND(D5<=0,D5-E5<0),1,0) -> 0 | O5: =E5-D5 -> 5
A6: 4 | B6: TR07070 | C6: =VLOOKUP(B6,バーコード貼付!$A$1:$D$4652,2,FALSE) -> SUS31670ｼｰﾙｽﾀﾝ用ｼｰﾙﾘﾝｸﾞ | D6: =VLOOKUP(B6,バーコード貼付!$A$1:$D$4652,3,FALSE) -> 16 | E6: 26 | F6: 46281 | G6: =IF(D6-E6>=0,0,1) -> 1 | I6: =IF(AND(D6<=0,D6-E6<0),1,0) -> 0 | O6: =E6-D6 -> 10
A7: 5 | B7: TR07042 | C7: =VLOOKUP(B7,バーコード貼付!$A$1:$D$4652,2,FALSE) -> SUS31642ｼｰﾙｽﾀﾝ用ｼｰﾙﾘﾝｸﾞ | D7: =VLOOKUP(B7,バーコード貼付!$A$1:$D$4652,3,FALSE) -> 1 | E7: 2 | F7: 46282 | G7: =IF(D7-E7>=0,0,1) -> 1 | I7: =IF(AND(D7<=0,D7-E7<0),1,0) -> 0 | O7: =E7-D7 -> 1
A8: 6 | B8: TR07045 | C8: =VLOOKUP(B8,バーコード貼付!$A$1:$D$4652,2,FALSE) -> SUS31645ｼｰﾙｽﾀﾝ用ｼｰﾙﾘﾝｸﾞ | D8: =VLOOKUP(B8,バーコード貼付!$A$1:$D$4652,3,FALSE) -> 20 | E8: 10 | G8: =IF(D8-E8>=0,0,1) -> 0 | I8: =IF(AND(D8<=0,D8-E8<0),1,0) -> 0 | O8: =E8-D8 -> -10
A9: 7 | B9: TR07110 | C9: =VLOOKUP(B9,バーコード貼付!$A$1:$D$4652,2,FALSE) -> SUS316110ｼｰﾙｽﾀﾝ用ｼｰﾙﾘﾝｸﾞ | D9: =VLOOKUP(B9,バーコード貼付!$A$1:$D$4652,3,FALSE) -> 8 | E9: 7 | G9: =IF(D9-E9>=0,0,1) -> 0 | I9: =IF(AND(D9<=0,D9-E9<0),1,0) -> 0 | O9: =E9-D9 -> -1
A10: 8 | B10: TR07080 | C10: =VLOOKUP(B10,バーコード貼付!$A$1:$D$4652,2,FALSE) -> SUS31680ｼｰﾙｽﾀﾝ用ｼｰﾙﾘﾝｸﾞ | D10: =VLOOKUP(B10,バーコード貼付!$A$1:$D$4652,3,FALSE) -> 27 | E10: 21 | G10: =IF(D10-E10>=0,0,1) -> 0 | I10: =IF(AND(D10<=0,D10-E10<0),1,0) -> 0 | O10: =E10-D10 -> -6
A11: 9 | B11: TR07090 | C11: =VLOOKUP(B11,バーコード貼付!$A$1:$D$4652,2,FALSE) -> SUS31690ｼｰﾙｽﾀﾝ用ｼｰﾙﾘﾝｸﾞ | D11: =VLOOKUP(B11,バーコード貼付!$A$1:$D$4652,3,FALSE) -> 11 | E11: 10 | G11: =IF(D11-E11>=0,0,1) -> 0 | I11: =IF(AND(D11<=0,D11-E11<0),1,0) -> 0 | O11: =E11-D11 -> -1
A12: 10 | B12: TR07060 | C12: =VLOOKUP(B12,バーコード貼付!$A$1:$D$4652,2,FALSE) -> SUS31660ｼｰﾙｽﾀﾝ用ｼｰﾙﾘﾝｸﾞ | D12: =VLOOKUP(B12,バーコード貼付!$A$1:$D$4652,3,FALSE) -> 31 | E12: 21 | G12: =IF(D12-E12>=0,0,1) -> 0 | I12: =IF(AND(D12<=0,D12-E12<0),1,0) -> 0 | O12: =E12-D12 -> -10
A13: 11 | B13: TR07075 | C13: =VLOOKUP(B13,バーコード貼付!$A$1:$D$4652,2,FALSE) -> SUS31675ｼｰﾙｽﾀﾝ用ｼｰﾙﾘﾝｸﾞ | D13: =VLOOKUP(B13,バーコード貼付!$A$1:$D$4652,3,FALSE) -> 18 | E13: 15 | G13: =IF(D13-E13>=0,0,1) -> 0 | I13: =IF(AND(D13<=0,D13-E13<0),1,0) -> 0 | O13: =E13-D13 -> -3
A14: 12 | B14: TR07085 | C14: =VLOOKUP(B14,バーコード貼付!$A$1:$D$4652,2,FALSE) -> SUS31685ｼｰﾙｽﾀﾝ用ｼｰﾙﾘﾝｸﾞ | D14: =VLOOKUP(B14,バーコード貼付!$A$1:$D$4652,3,FALSE) -> 16 | E14: 13 | G14: =IF(D14-E14>=0,0,1) -> 0 | I14: =IF(AND(D14<=0,D14-E14<0),1,0) -> 0 | O14: =E14-D14 -> -3
A15: 13 | B15: TR07100 | C15: =VLOOKUP(B15,バーコード貼付!$A$1:$D$4652,2,FALSE) -> SUS316100ｼｰﾙｽﾀﾝ用ｼｰﾙﾘﾝｸﾞ | D15: =VLOOKUP(B15,バーコード貼付!$A$1:$D$4652,3,FALSE) -> 9 | E15: 5 | G15: =IF(D15-E15>=0,0,1) -> 0 | I15: =IF(AND(D15<=0,D15-E15<0),1,0) -> 0 | O15: =E15-D15 -> -4
A16: 14 | B16: TR07095 | C16: =VLOOKUP(B16,バーコード貼付!$A$1:$D$4652,2,FALSE) -> SUS31695ｼｰﾙｽﾀﾝ用ｼｰﾙﾘﾝｸﾞ | D16: =VLOOKUP(B16,バーコード貼付!$A$1:$D$4652,3,FALSE) -> 11 | E16: 2 | G16: =IF(D16-E16>=0,0,1) -> 0 | I16: =IF(AND(D16<=0,D16-E16<0),1,0) -> 0 | O16: =E16-D16 -> -9
A17: 15 | B17: TR07065 | C17: =VLOOKUP(B17,バーコード貼付!$A$1:$D$4652,2,FALSE) -> SUS31665ｼｰﾙｽﾀﾝ用ｼｰﾙﾘﾝｸﾞ | D17: =VLOOKUP(B17,バーコード貼付!$A$1:$D$4652,3,FALSE) -> 26 | E17: 12 | G17: =IF(D17-E17>=0,0,1) -> 0 | I17: =IF(AND(D17<=0,D17-E17<0),1,0) -> 0 | O17: =E17-D17 -> -14
A18: 16 | B18: TR07040 | C18: =VLOOKUP(B18,バーコード貼付!$A$1:$D$4652,2,FALSE) -> SUS31640ｼｰﾙｽﾀﾝ用ｼｰﾙﾘﾝｸﾞ | D18: =VLOOKUP(B18,バーコード貼付!$A$1:$D$4652,3,FALSE) -> 11 | E18: 7 | G18: =IF(D18-E18>=0,0,1) -> 0 | I18: =IF(AND(D18<=0,D18-E18<0),1,0) -> 0 | O18: =E18-D18 -> -4
A19: 17 | B19: TR07105 | C19: =VLOOKUP(B19,バーコード貼付!$A$1:$D$4652,2,FALSE) -> SUS316105ｼｰﾙｽﾀﾝ用ｼｰﾙﾘﾝｸﾞ | D19: =VLOOKUP(B19,バーコード貼付!$A$1:$D$4652,3,FALSE) -> 5 | E19: 3 | G19: =IF(D19-E19>=0,0,1) -> 0 | I19: =IF(AND(D19<=0,D19-E19<0),1,0) -> 0 | O19: =E19-D19 -> -2
... A23: 21 | B23: TR07032 | C23: =VLOOKUP(B23,バーコード貼付!$A$1:$D$4652,2,FALSE) -> SUS31632ｼｰﾙｽﾀﾝ用ｼｰﾙﾘﾝｸﾞ | D23: =VLOOKUP(B23,バーコード貼付!$A$1:$D$4652,3,FALSE) -> 1 | E23: 1 | G23: =IF(D23-E23>=0,0,1) -> 0 | I23: =IF(AND(D23<=0,D23-E23<0),1,0) -> 0 | O23: =E23-D23 -> 0
A24: 22 | B24: TR07034 | C24: =VLOOKUP(B24,バーコード貼付!$A$1:$D$4652,2,FALSE) -> SUS31634ｼｰﾙｽﾀﾝ用ｼｰﾙﾘﾝｸﾞ | D24: =VLOOKUP(B24,バーコード貼付!$A$1:$D$4652,3,FALSE) -> 3 | E24: =VLOOKUP(B24,バーコード貼付!$A$1:$D$4652,4,FALSE) -> 1 | G24: =IF(D24-E24>=0,0,1) -> 0 | I24: =IF(AND(D24<=0,D24-E24<0),1,0) -> 0 | O24: =E24-D24 -> -2
A25: 23 | B25: TR07036 | C25: =VLOOKUP(B25,バーコード貼付!$A$1:$D$4652,2,FALSE) -> SUS31636ｼｰﾙｽﾀﾝ用ｼｰﾙﾘﾝｸﾞ | D25: =VLOOKUP(B25,バーコード貼付!$A$1:$D$4652,3,FALSE) -> 1 | E25: =VLOOKUP(B25,バーコード貼付!$A$1:$D$4652,4,FALSE) -> 1 | G25: =IF(D25-E25>=0,0,1) -> 0 | I25: =IF(AND(D25<=0,D25-E25<0),1,0) -> 0 | O25: =E25-D25 -> 0
B26: TSL03158 | C26: =VLOOKUP(B26,バーコード貼付!$A$1:$D$4652,2,FALSE) -> #N/A | D26: =VLOOKUP(B26,バーコード貼付!$A$1:$D$4652,3,FALSE) -> #N/A
B27: TSL03160 | C27: =VLOOKUP(B27,バーコード貼付!$A$1:$D$4652,2,FALSE) -> #N/A | D27: =VLOOKUP(B27,バーコード貼付!$A$1:$D$4652,3,FALSE) -> #N/A
B28: TSL03163 | C28: =VLOOKUP(B28,バーコード貼付!$A$1:$D$4652,2,FALSE) -> #N/A | D28: =VLOOKUP(B28,バーコード貼付!$A$1:$D$4652,3,FALSE) -> #N/A
B29: TSL03168 | C29: =VLOOKUP(B29,バーコード貼付!$A$1:$D$4652,2,FALSE) -> #N/A | D29: =VLOOKUP(B29,バーコード貼付!$A$1:$D$4652,3,FALSE) -> #N/A
B30: TSL03170 | C30: =VLOOKUP(B30,バーコード貼付!$A$1:$D$4652,2,FALSE) -> #N/A | D30: =VLOOKUP(B30,バーコード貼付!$A$1:$D$4652,3,FALSE) -> #N/A
B31: TSL03180 | C31: =VLOOKUP(B31,バーコード貼付!$A$1:$D$4652,2,FALSE) -> #N/A | D31: =VLOOKUP(B31,バーコード貼付!$A$1:$D$4652,3,FALSE) -> #N/A
B32: TSL03190 | C32: =VLOOKUP(B32,バーコード貼付!$A$1:$D$4652,2,FALSE) -> #N/A | D32: =VLOOKUP(B32,バーコード貼付!$A$1:$D$4652,3,FALSE) -> #N/A
B33: TSL03200 | C33: =VLOOKUP(B33,バーコード貼付!$A$1:$D$4652,2,FALSE) -> #N/A | D33: =VLOOKUP(B33,バーコード貼付!$A$1:$D$4652,3,FALSE) -> #N/A
B34: TSL03210 | C34: =VLOOKUP(B34,バーコード貼付!$A$1:$D$4652,2,FALSE) -> #N/A | D34: =VLOOKUP(B34,バーコード貼付!$A$1:$D$4652,3,FALSE) -> #N/A
B35: TSL03222 | C35: =VLOOKUP(B35,バーコード貼付!$A$1:$D$4652,2,FALSE) -> #N/A | D35: =VLOOKUP(B35,バーコード貼付!$A$1:$D$4652,3,FALSE) -> #N/A
B36: TSL03234 | C36: =VLOOKUP(B36,バーコード貼付!$A$1:$D$4652,2,FALSE) -> #N/A | D36: =VLOOKUP(B36,バーコード貼付!$A$1:$D$4652,3,FALSE) -> #N/A
B37: TSL03244 | C37: =VLOOKUP(B37,バーコード貼付!$A$1:$D$4652,2,FALSE) -> #N/A | D37: =VLOOKUP(B37,バーコード貼付!$A$1:$D$4652,3,FALSE) -> #N/A
... B42: TSL03287 | C42: =VLOOKUP(B42,バーコード貼付!$A$1:$D$4652,2,FALSE) -> #N/A | D42: =VLOOKUP(B42,バーコード貼付!$A$1:$D$4652,3,FALSE) -> #N/A

Sheet 10
F1: =TODAY()-90 -> 46203
A2: 番号 | B2: コード | C2: 10.ミキシング | D2: 在庫数 | E2: 発注点 | F2: 発注点割れ | G2: =SUM(G3:G28) -> 6 | H2: 在庫欠品 | I2: =SUM(I3:I28) -> 1 | P2: =P1+1 -> 1
A3: 1 | B3: THM4050NT | C3: =VLOOKUP(B3,バーコード貼付!$A$1:$D$4652,2,FALSE) -> THM4-5型とも排気ﾐｷｼﾝｸﾞ用内筒のみ | D3: =VLOOKUP(B3,バーコード貼付!$A$1:$D$4652,3,FALSE) -> 2 | E3: 3 | F3: 46279 | G3: =IF(D3-E3>=0,0,1) -> 1 | I3: =IF(AND(D3<=0,D3-E3<0),1,0) -> 0 | O3: =E3-D3 -> 1
A4: 2 | B4: THM5060 | C4: =VLOOKUP(B4,バーコード貼付!$A$1:$D$4652,2,FALSE) -> THM5-6型とも排気ﾐｷｼﾝｸﾞ(本体のみ) | D4: =VLOOKUP(B4,バーコード貼付!$A$1:$D$4652,3,FALSE) -> 8 | E4: 22 | F4: 46226 | G4: =IF(D4-E4>=0,0,1) -> 1 | I4: =IF(AND(D4<=0,D4-E4<0),1,0) -> 0 | O4: =E4-D4 -> 14
A5: 3 | B5: THM5060NT | C5: =VLOOKUP(B5,バーコード貼付!$A$1:$D$4652,2,FALSE) -> THM5-6型とも排気ﾐｷｼﾝｸﾞ用内筒のみ | D5: =VLOOKUP(B5,バーコード貼付!$A$1:$D$4652,3,FALSE) -> 0 | E5: 5 | F5: 46233 | G5: =IF(D5-E5>=0,0,1) -> 1 | H5: 46276 | I5: =IF(AND(D5<=0,D5-E5<0),1,0) -> 1 | O5: =E5-D5 -> 5
A6: 4 | B6: THM80100NT | C6: =VLOOKUP(B6,バーコード貼付!$A$1:$D$4652,2,FALSE) -> THM8-10型とも排気ﾐｷｼﾝｸﾞ用内筒のみ | D6: =VLOOKUP(B6,バーコード貼付!$A$1:$D$4652,3,FALSE) -> 1 | E6: 2 | F6: 46254 | G6: =IF(D6-E6>=0,0,1) -> 1 | I6: =IF(AND(D6<=0,D6-E6<0),1,0) -> 0 | O6: =E6-D6 -> 1
A7: 5 | B7: THM6080NT | C7: =VLOOKUP(B7,バーコード貼付!$A$1:$D$4652,2,FALSE) -> THM6-8型とも排気ﾐｷｼﾝｸﾞ用内筒のみ | D7: =VLOOKUP(B7,バーコード貼付!$A$1:$D$4652,3,FALSE) -> 1 | E7: 2 | F7: 46274 | G7: =IF(D7-E7>=0,0,1) -> 1 | I7: =IF(AND(D7<=0,D7-E7<0),1,0) -> 0 | O7: =E7-D7 -> 1
A8: 6 | B8: THM3040NT | C8: =VLOOKUP(B8,バーコード貼付!$A$1:$D$4652,2,FALSE) -> THM3-4型とも排気ﾐｷｼﾝｸﾞ用内筒のみ | D8: =VLOOKUP(B8,バーコード貼付!$A$1:$D$4652,3,FALSE) -> 14 | E8: 16 | F8: 46280 | G8: =IF(D8-E8>=0,0,1) -> 1 | I8: =IF(AND(D8<=0,D8-E8<0),1,0) -> 0 | O8: =E8-D8 -> 2
A9: 7 | B9: THM4050 | C9: =VLOOKUP(B9,バーコード貼付!$A$1:$D$4652,2,FALSE) -> THM4-5型とも排気ﾐｷｼﾝｸﾞ(本体のみ) | D9: =VLOOKUP(B9,バーコード貼付!$A$1:$D$4652,3,FALSE) -> 27 | E9: =VLOOKUP(B9,バーコード貼付!$A$1:$D$4652,4,FALSE) -> 20 | G9: =IF(D9-E9>=0,0,1) -> 0 | I9: =IF(AND(D9<=0,D9-E9<0),1,0) -> 0 | O9: =E9-D9 -> -7
A10: 8 | B10: THM6060 | C10: =VLOOKUP(B10,バーコード貼付!$A$1:$D$4652,2,FALSE) -> THM6-6型とも排気ﾐｷｼﾝｸﾞ(本体のみ) | D10: =VLOOKUP(B10,バーコード貼付!$A$1:$D$4652,3,FALSE) -> 8 | E10: 8 | G10: =IF(D10-E10>=0,0,1) -> 0 | I10: =IF(AND(D10<=0,D10-E10<0),1,0) -> 0 | O10: =E10-D10 -> 0
A11: 9 | B11: THM6060NT | C11: =VLOOKUP(B11,バーコード貼付!$A$1:$D$4652,2,FALSE) -> THM6-6型とも排気ﾐｷｼﾝｸﾞ用内筒のみ | D11: =VLOOKUP(B11,バーコード貼付!$A$1:$D$4652,3,FALSE) -> 5 | E11: 5 | G11: =IF(D11-E11>=0,0,1) -> 0 | I11: =IF(AND(D11<=0,D11-E11<0),1,0) -> 0 | O11: =E11-D11 -> 0
A12: 10 | B12: THM2530NT | C12: =VLOOKUP(B12,バーコード貼付!$A$1:$D$4652,2,FALSE) -> THM2.5-3型とも排気ﾐｷｼﾝｸﾞ用内筒のみ | D12: =VLOOKUP(B12,バーコード貼付!$A$1:$D$4652,3,FALSE) -> 15 | E12: 15 | G12: =IF(D12-E12>=0,0,1) -> 0 | I12: =IF(AND(D12<=0,D12-E12<0),1,0) -> 0 | O12: =E12-D12 -> 0
A13: 11 | B13: THM6080 | C13: =VLOOKUP(B13,バーコード貼付!$A$1:$D$4652,2,FALSE) -> THM6-8型とも排気ﾐｷｼﾝｸﾞ(本体のみ) | D13: =VLOOKUP(B13,バーコード貼付!$A$1:$D$4652,3,FALSE) -> 17 | E13: 7 | G13: =IF(D13-E13>=0,0,1) -> 0 | I13: =IF(AND(D13<=0,D13-E13<0),1,0) -> 0 | O13: =E13-D13 -> -10
A14: 12 | B14: THM6070NT | C14: =VLOOKUP(B14,バーコード貼付!$A$1:$D$4652,2,FALSE) -> THM6-7型とも排気ﾐｷｼﾝｸﾞ用内筒のみ | D14: =VLOOKUP(B14,バーコード貼付!$A$1:$D$4652,3,FALSE) -> 15 | E14: 2 | G14: =IF(D14-E14>=0,0,1) -> 0 | I14: =IF(AND(D14<=0,D14-E14<0),1,0) -> 0 | O14: =E14-D14 -> -13
A15: 13 | B15: THM80100 | C15: =VLOOKUP(B15,バーコード貼付!$A$1:$D$4652,2,FALSE) -> THM8-10型とも排気ﾐｷｼﾝｸﾞ(本体のみ) | D15: =VLOOKUP(B15,バーコード貼付!$A$1:$D$4652,3,FALSE) -> 2 | E15: 1 | G15: =IF(D15-E15>=0,0,1) -> 0 | I15: =IF(AND(D15<=0,D15-E15<0),1,0) -> 0 | O15: =E15-D15 -> -1
A16: 14 | B16: THM8080 | C16: =VLOOKUP(B16,バーコード貼付!$A$1:$D$4652,2,FALSE) -> THM8-8型とも排気ﾐｷｼﾝｸﾞ(本体のみ) | D16: =VLOOKUP(B16,バーコード貼付!$A$1:$D$4652,3,FALSE) -> 13 | E16: 2 | G16: =IF(D16-E16>=0,0,1) -> 0 | I16: =IF(AND(D16<=0,D16-E16<0),1,0) -> 0 | O16: =E16-D16 -> -11
A17: 15 | B17: THM5050 | C17: =VLOOKUP(B17,バーコード貼付!$A$1:$D$4652,2,FALSE) -> THM5-5型とも排気ﾐｷｼﾝｸﾞ(本体のみ) | D17: =VLOOKUP(B17,バーコード貼付!$A$1:$D$4652,3,FALSE) -> 29 | E17: 9 | G17: =IF(D17-E17>=0,0,1) -> 0 | I17: =IF(AND(D17<=0,D17-E17<0),1,0) -> 0 | O17: =E17-D17 -> -20
A18: 16 | B18: THM6070 | C18: =VLOOKUP(B18,バーコード貼付!$A$1:$D$4652,2,FALSE) -> THM6-7型とも排気ﾐｷｼﾝｸﾞ(本体のみ) | D18: =VLOOKUP(B18,バーコード貼付!$A$1:$D$4652,3,FALSE) -> 15 | E18: 8 | G18: =IF(D18-E18>=0,0,1) -> 0 | I18: =IF(AND(D18<=0,D18-E18<0),1,0) -> 0 | O18: =E18-D18 -> -7
A19: 17 | B19: THM5050NT | C19: =VLOOKUP(B19,バーコード貼付!$A$1:$D$4652,2,FALSE) -> THM5-5型とも排気ﾐｷｼﾝｸﾞ用内筒のみ | D19: =VLOOKUP(B19,バーコード貼付!$A$1:$D$4652,3,FALSE) -> 5 | E19: 3 | G19: =IF(D19-E19>=0,0,1) -> 0 | I19: =IF(AND(D19<=0,D19-E19<0),1,0) -> 0 | O19: =E19-D19 -> -2
A20: 18 | B20: THM3040 | C20: =VLOOKUP(B20,バーコード貼付!$A$1:$D$4652,2,FALSE) -> THM3-4型とも排気ﾐｷｼﾝｸﾞ(本体のみ) | D20: =VLOOKUP(B20,バーコード貼付!$A$1:$D$4652,3,FALSE) -> 40 | E20: 7 | G20: =IF(D20-E20>=0,0,1) -> 0 | I20: =IF(AND(D20<=0,D20-E20<0),1,0) -> 0 | O20: =E20-D20 -> -33
A21: 19 | B21: THM2025 | C21: =VLOOKUP(B21,バーコード貼付!$A$1:$D$4652,2,FALSE) -> THM2-2.5型とも排気ﾐｷｼﾝｸﾞ(本体のみ) | D21: =VLOOKUP(B21,バーコード貼付!$A$1:$D$4652,3,FALSE) -> 33 | E21: =VLOOKUP(B21,バーコード貼付!$A$1:$D$4652,4,FALSE) -> 10 | G21: =IF(D21-E21>=0,0,1) -> 0 | I21: =IF(AND(D21<=0,D21-E21<0),1,0) -> 0 | O21: =E21-D21 -> -23
A22: 20 | B22: THM2530 | C22: =VLOOKUP(B22,バーコード貼付!$A$1:$D$4652,2,FALSE) -> THM2.5-3型とも排気ﾐｷｼﾝｸﾞ(本体のみ) | D22: =VLOOKUP(B22,バーコード貼付!$A$1:$D$4652,3,FALSE) -> 32 | E22: =VLOOKUP(B22,バーコード貼付!$A$1:$D$4652,4,FALSE) -> 15 | G22: =IF(D22-E22>=0,0,1) -> 0 | I22: =IF(AND(D22<=0,D22-E22<0),1,0) -> 0 | O22: =E22-D22 -> -17
A23: 21 | B23: THM4040 | C23: =VLOOKUP(B23,バーコード貼付!$A$1:$D$4652,2,FALSE) -> THM4-4型とも排気ﾐｷｼﾝｸﾞ(本体のみ) | D23: =VLOOKUP(B23,バーコード貼付!$A$1:$D$4652,3,FALSE) -> 78 | E23: =VLOOKUP(B23,バーコード貼付!$A$1:$D$4652,4,FALSE) -> 10 | G23: =IF(D23-E23>=0,0,1) -> 0 | I23: =IF(AND(D23<=0,D23-E23<0),1,0) -> 0 | O23: =E23-D23 -> -68
A24: 22 | B24: THM6080F | C24: =VLOOKUP(B24,バーコード貼付!$A$1:$D$4652,2,FALSE) -> THM6-8型両ﾌﾗﾝｼﾞ型ﾐｷｼﾝｸﾞ本体のみ | D24: =VLOOKUP(B24,バーコード貼付!$A$1:$D$4652,3,FALSE) -> 5 | E24: 5 | G24: =IF(D24-E24>=0,0,1) -> 0 | I24: =IF(AND(D24<=0,D24-E24<0),1,0) -> 0 | O24: =E24-D24 -> 0
A25: 23 | B25: THM80100F | C25: =VLOOKUP(B25,バーコード貼付!$A$1:$D$4652,2,FALSE) -> THM8-10型両ﾌﾗﾝｼﾞ型ﾐｷｼﾝｸﾞ本体のみ | D25: =VLOOKUP(B25,バーコード貼付!$A$1:$D$4652,3,FALSE) -> 1 | E25: 1 | G25: =IF(D25-E25>=0,0,1) -> 0 | I25: =IF(AND(D25<=0,D25-E25<0),1,0) -> 0 | O25: =E25-D25 -> 0
A26: 24 | B26: THM2025NT | C26: =VLOOKUP(B26,バーコード貼付!$A$1:$D$4652,2,FALSE) -> THM2-2.5型とも排気ﾐｷｼﾝｸﾞ用内筒のみ | D26: =VLOOKUP(B26,バーコード貼付!$A$1:$D$4652,3,FALSE) -> 74 | E26: =VLOOKUP(B26,バーコード貼付!$A$1:$D$4652,4,FALSE) -> 5 | G26: =IF(D26-E26>=0,0,1) -> 0 | I26: =IF(AND(D26<=0,D26-E26<0),1,0) -> 0 | O26: =E26-D26 -> -69
A27: 25 | B27: THM4040NT | C27: =VLOOKUP(B27,バーコード貼付!$A$1:$D$4652,2,FALSE) -> THM4-4型とも排気ﾐｷｼﾝｸﾞ用内筒のみ | D27: =VLOOKUP(B27,バーコード貼付!$A$1:$D$4652,3,FALSE) -> 7 | E27: =VLOOKUP(B27,バーコード貼付!$A$1:$D$4652,4,FALSE) -> 4 | G27: =IF(D27-E27>=0,0,1) -> 0 | I27: =IF(AND(D27<=0,D27-E27<0),1,0) -> 0 | O27: =E27-D27 -> -3
A28: 26 | B28: THM8080NT | C28: =VLOOKUP(B28,バーコード貼付!$A$1:$D$4652,2,FALSE) -> THM8-8型とも排気ﾐｷｼﾝｸﾞ用内筒のみ | D28: =VLOOKUP(B28,バーコード貼付!$A$1:$D$4652,3,FALSE) -> 8 | E28: =VLOOKUP(B28,バーコード貼付!$A$1:$D$4652,4,FALSE) -> 2 | G28: =IF(D28-E28>=0,0,1) -> 0 | I28: =IF(AND(D28<=0,D28-E28<0),1,0) -> 0 | O28: =E28-D28 -> -6

Sheet 11
F1: =TODAY()-90 -> 46203
A2: 番号 | B2: コード | C2: 11.シール類 | D2: 在庫数 | E2: 発注点 | F2: 発注点割れ | G2: =SUM(G3:G86) -> 7 | H2: 在庫欠品 | I2: =SUM(I3:I86) -> 1 | P2: =P1+1 -> 1
A3: 1 | B3: TRA090W | C3: =VLOOKUP(B3,バーコード貼付!$A$1:$D$4652,2,FALSE) -> TRA型軸90Wｽﾀﾝ用ｽｰﾊﾟｰｼｰﾙ単体 | D3: =VLOOKUP(B3,バーコード貼付!$A$1:$D$4652,3,FALSE) -> 1 | E3: =VLOOKUP(B3,バーコード貼付!$A$1:$D$4652,4,FALSE) -> 2 | F3: 7/7 | G3: =IF(D3-E3>=0,0,1) -> 1 | I3: =IF(AND(D3<=0,D3-E3<0),1,0) -> 0 | O3: =E3-D3 -> 1
A4: 2 | B4: TRA100T | C4: =VLOOKUP(B4,バーコード貼付!$A$1:$D$4652,2,FALSE) -> TRA型軸100単式用ｽｰﾊﾟｰｼｰﾙ単体 | D4: =VLOOKUP(B4,バーコード貼付!$A$1:$D$4652,3,FALSE) -> 0 | E4: 2 | F4: 46232 | G4: =IF(D4-E4>=0,0,1) -> 1 | H4: 46232 | I4: =IF(AND(D4<=0,D4-E4<0),1,0) -> 1 | O4: =E4-D4 -> 2
A5: 3 | B5: TRP070 | C5: =VLOOKUP(B5,バーコード貼付!$A$1:$D$4652,2,FALSE) -> TRP型軸70FRPｽｰﾊﾟｰｼｰﾙ単体 | D5: =VLOOKUP(B5,バーコード貼付!$A$1:$D$4652,3,FALSE) -> 6 | E5: 10 | F5: 46234 | G5: =IF(D5-E5>=0,0,1) -> 1 | I5: =IF(AND(D5<=0,D5-E5<0),1,0) -> 0 | O5: =E5-D5 -> 4
A6: 4 | B6: TRA055G | C6: =VLOOKUP(B6,バーコード貼付!$A$1:$D$4652,2,FALSE) -> 軸55ｽｰﾊﾟｰｼｰﾙ用ｺﾞﾑｼｰﾙ(専用ｸﾞﾘｽ付) | D6: =VLOOKUP(B6,バーコード貼付!$A$1:$D$4652,3,FALSE) -> 8 | E6: =VLOOKUP(B6,バーコード貼付!$A$1:$D$4652,4,FALSE) -> 15 | F6: 46254 | G6: =IF(D6-E6>=0,0,1) -> 1 | I6: =IF(AND(D6<=0,D6-E6<0),1,0) -> 0 | O6: =E6-D6 -> 7
A7: 5 | B7: TRP085 | C7: =VLOOKUP(B7,バーコード貼付!$A$1:$D$4652,2,FALSE) -> TRP型軸85FRPｽｰﾊﾟｰｼｰﾙ単体 | D7: =VLOOKUP(B7,バーコード貼付!$A$1:$D$4652,3,FALSE) -> 4 | E7: =VLOOKUP(B7,バーコード貼付!$A$1:$D$4652,4,FALSE) -> 5 | F7: 46254 | G7: =IF(D7-E7>=0,0,1) -> 1 | I7: =IF(AND(D7<=0,D7-E7<0),1,0) -> 0 | O7: =E7-D7 -> 1
A8: 6 | B8: TRP080 | C8: =VLOOKUP(B8,バーコード貼付!$A$1:$D$4652,2,FALSE) -> TRP型軸80FRPｽｰﾊﾟｰｼｰﾙ単体 | D8: =VLOOKUP(B8,バーコード貼付!$A$1:$D$4652,3,FALSE) -> 3 | E8: =VLOOKUP(B8,バーコード貼付!$A$1:$D$4652,4,FALSE) -> 5 | F8: 46254 | G8: =IF(D8-E8>=0,0,1) -> 1 | I8: =IF(AND(D8<=0,D8-E8<0),1,0) -> 0 | O8: =E8-D8 -> 2
A9: 7 | B9: TRA050G | C9: =VLOOKUP(B9,バーコード貼付!$A$1:$D$4652,2,FALSE) -> 軸50ｽｰﾊﾟｰｼｰﾙ用ｺﾞﾑｼｰﾙ(専用ｸﾞﾘｽ付) | D9: =VLOOKUP(B9,バーコード貼付!$A$1:$D$4652,3,FALSE) -> 10 | E9: =VLOOKUP(B9,バーコード貼付!$A$1:$D$4652,4,FALSE) -> 15 | F9: 46261 | G9: =IF(D9-E9>=0,0,1) -> 1 | I9: =IF(AND(D9<=0,D9-E9<0),1,0) -> 0 | O9: =E9-D9 -> 5
A10: 8 | B10: TRA070G | C10: =VLOOKUP(B10,バーコード貼付!$A$1:$D$4652,2,FALSE) -> 軸70ｽｰﾊﾟｰｼｰﾙ用ｺﾞﾑｼｰﾙ(専用ｸﾞﾘｽ付) | D10: =VLOOKUP(B10,バーコード貼付!$A$1:$D$4652,3,FALSE) -> 29 | E10: 8 | G10: =IF(D10-E10>=0,0,1) -> 0 | I10: =IF(AND(D10<=0,D10-E10<0),1,0) -> 0 | O10: =E10-D10 -> -21
A11: 9 | B11: TRP095 | C11: =VLOOKUP(B11,バーコード貼付!$A$1:$D$4652,2,FALSE) -> TRP型軸95FRPｽｰﾊﾟｰｼｰﾙ単体 | D11: =VLOOKUP(B11,バーコード貼付!$A$1:$D$4652,3,FALSE) -> 5 | E11: 2 | G11: =IF(D11-E11>=0,0,1) -> 0 | I11: =IF(AND(D11<=0,D11-E11<0),1,0) -> 0 | O11: =E11-D11 -> -3
A12: 10 | B12: TRU075 | C12: =VLOOKUP(B12,バーコード貼付!$A$1:$D$4652,2,FALSE) -> TRU型軸75内締用ｽｰﾊﾟｰｼｰﾙ単体 | D12: =VLOOKUP(B12,バーコード貼付!$A$1:$D$4652,3,FALSE) -> 1 | E12: 1 | G12: =IF(D12-E12>=0,0,1) -> 0 | I12: =IF(AND(D12<=0,D12-E12<0),1,0) -> 0 | O12: =E12-D12 -> 0
A13: 11 | B13: TRP060 | C13: =VLOOKUP(B13,バーコード貼付!$A$1:$D$4652,2,FALSE) -> TRP型軸60FRPｽｰﾊﾟｰｼｰﾙ単体 | D13: =VLOOKUP(B13,バーコード貼付!$A$1:$D$4652,3,FALSE) -> 6 | E13: 5 | G13: =IF(D13-E13>=0,0,1) -> 0 | I13: =IF(AND(D13<=0,D13-E13<0),1,0) -> 0 | O13: =E13-D13 -> -1
A14: 12 | B14: TRA065G | C14: =VLOOKUP(B14,バーコード貼付!$A$1:$D$4652,2,FALSE) -> 軸65ｽｰﾊﾟｰｼｰﾙ用ｺﾞﾑｼｰﾙ(専用ｸﾞﾘｽ付) | D14: =VLOOKUP(B14,バーコード貼付!$A$1:$D$4652,3,FALSE) -> 19 | E14: 13 | G14: =IF(D14-E14>=0,0,1) -> 0 | I14: =IF(AND(D14<=0,D14-E14<0),1,0) -> 0 | O14: =E14-D14 -> -6
A15: 13 | B15: TRA055K | C15: =VLOOKUP(B15,バーコード貼付!$A$1:$D$4652,2,FALSE) -> 軸55ｽｰﾊﾟｰｼｰﾙ用ｶﾊﾞｰｺﾞﾑ | D15: =VLOOKUP(B15,バーコード貼付!$A$1:$D$4652,3,FALSE) -> 48 | E15: 6 | G15: =IF(D15-E15>=0,0,1) -> 0 | I15: =IF(AND(D15<=0,D15-E15<0),1,0) -> 0 | O15: =E15-D15 -> -42
A16: 14 | B16: TRA075G | C16: =VLOOKUP(B16,バーコード貼付!$A$1:$D$4652,2,FALSE) -> 軸75ｽｰﾊﾟｰｼｰﾙ用ｺﾞﾑｼｰﾙ(専用ｸﾞﾘｽ付) | D16: =VLOOKUP(B16,バーコード貼付!$A$1:$D$4652,3,FALSE) -> 31 | E16: 11 | G16: =IF(D16-E16>=0,0,1) -> 0 | I16: =IF(AND(D16<=0,D16-E16<0),1,0) -> 0 | O16: =E16-D16 -> -20
A17: 15 | B17: TRA075K | C17: =VLOOKUP(B17,バーコード貼付!$A$1:$D$4652,2,FALSE) -> 軸75ｽｰﾊﾟｰｼｰﾙ用ｶﾊﾞｰｺﾞﾑ | D17: =VLOOKUP(B17,バーコード貼付!$A$1:$D$4652,3,FALSE) -> 62 | E17: =VLOOKUP(B17,バーコード貼付!$A$1:$D$4652,4,FALSE) -> 15 | G17: =IF(D17-E17>=0,0,1) -> 0 | I17: =IF(AND(D17<=0,D17-E17<0),1,0) -> 0 | O17: =E17-D17 -> -47
A18: 16 | B18: TRA080G | C18: =VLOOKUP(B18,バーコード貼付!$A$1:$D$4652,2,FALSE) -> 軸80ｽｰﾊﾟｰｼｰﾙ用ｺﾞﾑｼｰﾙ(専用ｸﾞﾘｽ付) | D18: =VLOOKUP(B18,バーコード貼付!$A$1:$D$4652,3,FALSE) -> 31 | E18: =VLOOKUP(B18,バーコード貼付!$A$1:$D$4652,4,FALSE) -> 15 | G18: =IF(D18-E18>=0,0,1) -> 0 | I18: =IF(AND(D18<=0,D18-E18<0),1,0) -> 0 | O18: =E18-D18 -> -16
A19: 17 | B19: TRA080K | C19: =VLOOKUP(B19,バーコード貼付!$A$1:$D$4652,2,FALSE) -> 軸80ｽｰﾊﾟｰｼｰﾙ用ｶﾊﾞｰｺﾞﾑ | D19: =VLOOKUP(B19,バーコード貼付!$A$1:$D$4652,3,FALSE) -> 56 | E19: 3 | G19: =IF(D19-E19>=0,0,1) -> 0 | I19: =IF(AND(D19<=0,D19-E19<0),1,0) -> 0 | O19: =E19-D19 -> -53
A20: 18 | B20: TRP055 | C20: =VLOOKUP(B20,バーコード貼付!$A$1:$D$4652,2,FALSE) -> TRP型軸55FRPｽｰﾊﾟｰｼｰﾙ単体 | D20: =VLOOKUP(B20,バーコード貼付!$A$1:$D$4652,3,FALSE) -> 8 | E20: 5 | G20: =IF(D20-E20>=0,0,1) -> 0 | I20: =IF(AND(D20<=0,D20-E20<0),1,0) -> 0 | O20: =E20-D20 -> -3
A21: 19 | B21: TRA060G | C21: =VLOOKUP(B21,バーコード貼付!$A$1:$D$4652,2,FALSE) -> 軸60ｽｰﾊﾟｰｼｰﾙ用ｺﾞﾑｼｰﾙ(専用ｸﾞﾘｽ付) | D21: =VLOOKUP(B21,バーコード貼付!$A$1:$D$4652,3,FALSE) -> 19 | E21: 10 | G21: =IF(D21-E21>=0,0,1) -> 0 | I21: =IF(AND(D21<=0,D21-E21<0),1,0) -> 0 | O21: =E21-D21 -> -9
A22: 20 | B22: TRA095T | C22: =VLOOKUP(B22,バーコード貼付!$A$1:$D$4652,2,FALSE) -> TRA型軸95単式用ｽｰﾊﾟｰｼｰﾙ単体 | D22: =VLOOKUP(B22,バーコード貼付!$A$1:$D$4652,3,FALSE) -> 7 | E22: =VLOOKUP(B22,バーコード貼付!$A$1:$D$4652,4,FALSE) -> 2 | G22: =IF(D22-E22>=0,0,1) -> 0 | I22: =IF(AND(D22<=0,D22-E22<0),1,0) -> 0 | O22: =E22-D22 -> -5
A23: 21 | B23: TRP050 | C23: =VLOOKUP(B23,バーコード貼付!$A$1:$D$4652,2,FALSE) -> TRP型軸50FRPｽｰﾊﾟｰｼｰﾙ単体 | D23: =VLOOKUP(B23,バーコード貼付!$A$1:$D$4652,3,FALSE) -> 9 | E23: =VLOOKUP(B23,バーコード貼付!$A$1:$D$4652,4,FALSE) -> 8 | G23: =IF(D23-E23>=0,0,1) -> 0 | I23: =IF(AND(D23<=0,D23-E23<0),1,0) -> 0 | O23: =E23-D23 -> -1
A24: 22 | B24: TRP065 | C24: =VLOOKUP(B24,バーコード貼付!$A$1:$D$4652,2,FALSE) -> TRP型軸65FRPｽｰﾊﾟｰｼｰﾙ単体 | D24: =VLOOKUP(B24,バーコード貼付!$A$1:$D$4652,3,FALSE) -> 9 | E24: =VLOOKUP(B24,バーコード貼付!$A$1:$D$4652,4,FALSE) -> 5 | G24: =IF(D24-E24>=0,0,1) -> 0 | I24: =IF(AND(D24<=0,D24-E24<0),1,0) -> 0 | O24: =E24-D24 -> -4
A25: 23 | B25: TRA080T | C25: =VLOOKUP(B25,バーコード貼付!$A$1:$D$4652,2,FALSE) -> TRA型軸80単式用ｽｰﾊﾟｰｼｰﾙ単体 | D25: =VLOOKUP(B25,バーコード貼付!$A$1:$D$4652,3,FALSE) -> 7 | E25: 2 | G25: =IF(D25-E25>=0,0,1) -> 0 | I25: =IF(AND(D25<=0,D25-E25<0),1,0) -> 0 | O25: =E25-D25 -> -5
A26: 24 | B26: TRA085G | C26: =VLOOKUP(B26,バーコード貼付!$A$1:$D$4652,2,FALSE) -> 軸85ｽｰﾊﾟｰｼｰﾙ用ｺﾞﾑｼｰﾙ(専用ｸﾞﾘｽ付) | D26: =VLOOKUP(B26,バーコード貼付!$A$1:$D$4652,3,FALSE) -> 14 | E26: =VLOOKUP(B26,バーコード貼付!$A$1:$D$4652,4,FALSE) -> 10 | G26: =IF(D26-E26>=0,0,1) -> 0 | I26: =IF(AND(D26<=0,D26-E26<0),1,0) -> 0 | O26: =E26-D26 -> -4
A27: 25 | B27: TRA065K | C27: =VLOOKUP(B27,バーコード貼付!$A$1:$D$4652,2,FALSE) -> 軸65ｽｰﾊﾟｰｼｰﾙ用ｶﾊﾞｰｺﾞﾑ | D27: =VLOOKUP(B27,バーコード貼付!$A$1:$D$4652,3,FALSE) -> 78 | E27: =VLOOKUP(B27,バーコード貼付!$A$1:$D$4652,4,FALSE) -> 15 | G27: =IF(D27-E27>=0,0,1) -> 0 | I27: =IF(AND(D27<=0,D27-E27<0),1,0) -> 0 | O27: =E27-D27 -> -63
A28: 26 | B28: TRA100G | C28: =VLOOKUP(B28,バーコード貼付!$A$1:$D$4652,2,FALSE) -> 軸100ｽｰﾊﾟｰｼｰﾙ用ｺﾞﾑｼｰﾙ(専用ｸﾞﾘｽ付) | D28: =VLOOKUP(B28,バーコード貼付!$A$1:$D$4652,3,FALSE) -> 23 | E28: =VLOOKUP(B28,バーコード貼付!$A$1:$D$4652,4,FALSE) -> 10 | G28: =IF(D28-E28>=0,0,1) -> 0 | I28: =IF(AND(D28<=0,D28-E28<0),1,0) -> 0 | O28: =E28-D28 -> -13
A29: 27 | B29: TRA095G | C29: =VLOOKUP(B29,バーコード貼付!$A$1:$D$4652,2,FALSE) -> 軸95ｽｰﾊﾟｰｼｰﾙ用ｺﾞﾑｼｰﾙ(専用ｸﾞﾘｽ付) | D29: =VLOOKUP(B29,バーコード貼付!$A$1:$D$4652,3,FALSE) -> 9 | E29: 6 | G29: =IF(D29-E29>=0,0,1) -> 0 | I29: =IF(AND(D29<=0,D29-E29<0),1,0) -> 0 | O29: =E29-D29 -> -3
A30: 28 | B30: TRA070K | C30: =VLOOKUP(B30,バーコード貼付!$A$1:$D$4652,2,FALSE) -> 軸70ｽｰﾊﾟｰｼｰﾙ用ｶﾊﾞｰｺﾞﾑ | D30: =VLOOKUP(B30,バーコード貼付!$A$1:$D$4652,3,FALSE) -> 81 | E30: =VLOOKUP(B30,バーコード貼付!$A$1:$D$4652,4,FALSE) -> 15 | G30: =IF(D30-E30>=0,0,1) -> 0 | I30: =IF(AND(D30<=0,D30-E30<0),1,0) -> 0 | O30: =E30-D30 -> -66
A31: 29 | B31: TRA085T | C31: =VLOOKUP(B31,バーコード貼付!$A$1:$D$4652,2,FALSE) -> TRA型軸85単式用ｽｰﾊﾟｰｼｰﾙ単体 | D31: =VLOOKUP(B31,バーコード貼付!$A$1:$D$4652,3,FALSE) -> 9 | E31: 2 | G31: =IF(D31-E31>=0,0,1) -> 0 | I31: =IF(AND(D31<=0,D31-E31<0),1,0) -> 0 | O31: =E31-D31 -> -7
A32: 30 | B32: TRA075T | C32: =VLOOKUP(B32,バーコード貼付!$A$1:$D$4652,2,FALSE) -> TRA型軸75単式用ｽｰﾊﾟｰｼｰﾙ単体 | D32: =VLOOKUP(B32,バーコード貼付!$A$1:$D$4652,3,FALSE) -> 8 | E32: 3 | G32: =IF(D32-E32>=0,0,1) -> 0 | I32: =IF(AND(D32<=0,D32-E32<0),1,0) -> 0 | O32: =E32-D32 -> -5
A33: 31 | B33: TRA075A | C33: =VLOOKUP(B33,バーコード貼付!$A$1:$D$4652,2,FALSE) -> TRA型軸75A型舵軸用ｽｰﾊﾟｰｼｰﾙ単体 | D33: =VLOOKUP(B33,バーコード貼付!$A$1:$D$4652,3,FALSE) -> 7 | E33: 4 | G33: =IF(D33-E33>=0,0,1) -> 0 | I33: =IF(AND(D33<=0,D33-E33<0),1,0) -> 0 | O33: =E33-D33 -> -3
A34: 32 | B34: TRP075 | C34: =VLOOKUP(B34,バーコード貼付!$A$1:$D$4652,2,FALSE) -> TRP型軸75FRPｽｰﾊﾟｰｼｰﾙ単体 | D34: =VLOOKUP(B34,バーコード貼付!$A$1:$D$4652,3,FALSE) -> 11 | E34: =VLOOKUP(B34,バーコード貼付!$A$1:$D$4652,4,FALSE) -> 5 | G34: =IF(D34-E34>=0,0,1) -> 0 | I34: =IF(AND(D34<=0,D34-E34<0),1,0) -> 0 | O34: =E34-D34 -> -6
A35: 33 | B35: TRA065T | C35: =VLOOKUP(B35,バーコード貼付!$A$1:$D$4652,2,FALSE) -> TRA型軸65単式用ｽｰﾊﾟｰｼｰﾙ単体 | D35: =VLOOKUP(B35,バーコード貼付!$A$1:$D$4652,3,FALSE) -> 5 | E35: =VLOOKUP(B35,バーコード貼付!$A$1:$D$4652,4,FALSE) -> 5 | G35: =IF(D35-E35>=0,0,1) -> 0 | I35: =IF(AND(D35<=0,D35-E35<0),1,0) -> 0 | O35: =E35-D35 -> 0
A36: 34 | B36: CHX04080 | C36: =VLOOKUP(B36,バーコード貼付!$A$1:$D$4652,2,FALSE) -> BCS120*80舵軸用ｽﾀﾝﾁｭｰﾌﾞ | D36: =VLOOKUP(B36,バーコード貼付!$A$1:$D$4652,3,FALSE) -> 11 | E36: 1 | G36: =IF(D36-E36>=0,0,1) -> 0 | I36: =IF(AND(D36<=0,D36-E36<0),1,0) -> 0 | O36: =E36-D36 -> -10
A37: 35 | B37: TRA055T | C37: =VLOOKUP(B37,バーコード貼付!$A$1:$D$4652,2,FALSE) -> TRA型軸55単式用ｽｰﾊﾟｰｼｰﾙ単体 | D37: =VLOOKUP(B37,バーコード貼付!$A$1:$D$4652,3,FALSE) -> 6 | E37: 2 | G37: =IF(D37-E37>=0,0,1) -> 0 | I37: =IF(AND(D37<=0,D37-E37<0),1,0) -> 0 | O37: =E37-D37 -> -4
A38: 36 | B38: CHX04050 | C38: =VLOOKUP(B38,バーコード貼付!$A$1:$D$4652,2,FALSE) -> BCS82*50舵軸用ｽﾀﾝﾁｭｰﾌﾞ | D38: =VLOOKUP(B38,バーコード貼付!$A$1:$D$4652,3,FALSE) -> 1 | E38: 1 | G38: =IF(D38-E38>=0,0,1) -> 0 | I38: =IF(AND(D38<=0,D38-E38<0),1,0) -> 0 | O38: =E38-D38 -> 0
A39: 37 | B39: TRA080A | C39: =VLOOKUP(B39,バーコード貼付!$A$1:$D$4652,2,FALSE) -> TRA型軸80A型舵軸用ｽｰﾊﾟｰｼｰﾙ単体 | D39: =VLOOKUP(B39,バーコード貼付!$A$1:$D$4652,3,FALSE) -> 10 | E39: 2 | G39: =IF(D39-E39>=0,0,1) -> 0 | I39: =IF(AND(D39<=0,D39-E39<0),1,0) -> 0 | O39: =E39-D39 -> -8
A40: 38 | B40: TRA050T | C40: =VLOOKUP(B40,バーコード貼付!$A$1:$D$4652,2,FALSE) -> TRA型軸50単式用ｽｰﾊﾟｰｼｰﾙ単体 | D40: =VLOOKUP(B40,バーコード貼付!$A$1:$D$4652,3,FALSE) -> 4 | E40: 2 | G40: =IF(D40-E40>=0,0,1) -> 0 | I40: =IF(AND(D40<=0,D40-E40<0),1,0) -> 0 | O40: =E40-D40 -> -2
A41: 39 | B41: CHX04070 | C41: =VLOOKUP(B41,バーコード貼付!$A$1:$D$4652,2,FALSE) -> BCS112*70舵軸用ｽﾀﾝﾁｭｰﾌﾞ | D41: =VLOOKUP(B41,バーコード貼付!$A$1:$D$4652,3,FALSE) -> 9 | E41: =VLOOKUP(B41,バーコード貼付!$A$1:$D$4652,4,FALSE) -> 5 | G41: =IF(D41-E41>=0,0,1) -> 0 | I41: =IF(AND(D41<=0,D41-E41<0),1,0) -> 0 | O41: =E41-D41 -> -4
A42: 40 | B42: CHX04075 | C42: =VLOOKUP(B42,バーコード貼付!$A$1:$D$4652,2,FALSE) -> BCS112*75舵軸用ｽﾀﾝﾁｭｰﾌﾞ | D42: =VLOOKUP(B42,バーコード貼付!$A$1:$D$4652,3,FALSE) -> 6 | E42: =VLOOKUP(B42,バーコード貼付!$A$1:$D$4652,4,FALSE) -> 5 | G42: =IF(D42-E42>=0,0,1) -> 0 | I42: =IF(AND(D42<=0,D42-E42<0),1,0) -> 0 | O42: =E42-D42 -> -1
A43: 41 | B43: CHX04045 | C43: =VLOOKUP(B43,バーコード貼付!$A$1:$D$4652,2,FALSE) -> BCS66*45舵軸用ｽﾀﾝﾁｭｰﾌﾞ | D43: =VLOOKUP(B43,バーコード貼付!$A$1:$D$4652,3,FALSE) -> 2 | E43: =VLOOKUP(B43,バーコード貼付!$A$1:$D$4652,4,FALSE) -> 1 | G43: =IF(D43-E43>=0,0,1) -> 0 | I43: =IF(AND(D43<=0,D43-E43<0),1,0) -> 0 | O43: =E43-D43 -> -1
A44: 42 | B44: TRA060K | C44: =VLOOKUP(B44,バーコード貼付!$A$1:$D$4652,2,FALSE) -> 軸60ｽｰﾊﾟｰｼｰﾙ用ｶﾊﾞｰｺﾞﾑ | D44: =VLOOKUP(B44,バーコード貼付!$A$1:$D$4652,3,FALSE) -> 22 | E44: =VLOOKUP(B44,バーコード貼付!$A$1:$D$4652,4,FALSE) -> 20 | G44: =IF(D44-E44>=0,0,1) -> 0 | I44: =IF(AND(D44<=0,D44-E44<0),1,0) -> 0 | O44: =E44-D44 -> -2
A45: 43 | B45: TRA070T | C45: =VLOOKUP(B45,バーコード貼付!$A$1:$D$4652,2,FALSE) -> TRA型軸70単式用ｽｰﾊﾟｰｼｰﾙ単体 | D45: =VLOOKUP(B45,バーコード貼付!$A$1:$D$4652,3,FALSE) -> 5 | E45: =VLOOKUP(B45,バーコード貼付!$A$1:$D$4652,4,FALSE) -> 5 | G45: =IF(D45-E45>=0,0,1) -> 0 | I45: =IF(AND(D45<=0,D45-E45<0),1,0) -> 0 | O45: =E45-D45 -> 0
A46: 44 | B46: TRA050K | C46: =VLOOKUP(B46,バーコード貼付!$A$1:$D$4652,2,FALSE) -> 軸50ｽｰﾊﾟｰｼｰﾙ用ｶﾊﾞｰｺﾞﾑ | D46: =VLOOKUP(B46,バーコード貼付!$A$1:$D$4652,3,FALSE) -> 62 | E46: =VLOOKUP(B46,バーコード貼付!$A$1:$D$4652,4,FALSE) -> 15 | G46: =IF(D46-E46>=0,0,1) -> 0 | I46: =IF(AND(D46<=0,D46-E46<0),1,0) -> 0 | O46: =E46-D46 -> -47
A47: 45 | B47: CHX04040 | C47: =VLOOKUP(B47,バーコード貼付!$A$1:$D$4652,2,FALSE) -> BCS66*40舵軸用ｽﾀﾝﾁｭｰﾌﾞ | D47: =VLOOKUP(B47,バーコード貼付!$A$1:$D$4652,3,FALSE) -> 1 | E47: =VLOOKUP(B47,バーコード貼付!$A$1:$D$4652,4,FALSE) -> 1 | G47: =IF(D47-E47>=0,0,1) -> 0 | I47: =IF(AND(D47<=0,D47-E47<0),1,0) -> 0 | O47: =E47-D47 -> 0
A48: 46 | B48: CHX04055 | C48: =VLOOKUP(B48,バーコード貼付!$A$1:$D$4652,2,FALSE) -> BCS82*55舵軸用ｽﾀﾝﾁｭｰﾌﾞ | D48: =VLOOKUP(B48,バーコード貼付!$A$1:$D$4652,3,FALSE) -> 8 | E48: =VLOOKUP(B48,バーコード貼付!$A$1:$D$4652,4,FALSE) -> 5 | G48: =IF(D48-E48>=0,0,1) -> 0 | I48: =IF(AND(D48<=0,D48-E48<0),1,0) -> 0 | O48: =E48-D48 -> -3
A49: 47 | B49: CHX04060 | C49: =VLOOKUP(B49,バーコード貼付!$A$1:$D$4652,2,FALSE) -> BCS98*60舵軸用ｽﾀﾝﾁｭｰﾌﾞ | D49: =VLOOKUP(B49,バーコード貼付!$A$1:$D$4652,3,FALSE) -> 2 | E49: =VLOOKUP(B49,バーコード貼付!$A$1:$D$4652,4,FALSE) -> 2 | G49: =IF(D49-E49>=0,0,1) -> 0 | I49: =IF(AND(D49<=0,D49-E49<0),1,0) -> 0 | O49: =E49-D49 -> 0
A50: 48 | B50: CHX04065 | C50: =VLOOKUP(B50,バーコード貼付!$A$1:$D$4652,2,FALSE) -> BCS98*65舵軸用ｽﾀﾝﾁｭｰﾌﾞ | D50: =VLOOKUP(B50,バーコード貼付!$A$1:$D$4652,3,FALSE) -> 10 | E50: =VLOOKUP(B50,バーコード貼付!$A$1:$D$4652,4,FALSE) -> 5 | G50: =IF(D50-E50>=0,0,1) -> 0 | I50: =IF(AND(D50<=0,D50-E50<0),1,0) -> 0 | O50: =E50-D50 -> -5
A51: 49 | B51: KPG04035 | C51: =VLOOKUP(B51,バーコード貼付!$A$1:$D$4652,2,FALSE) -> BC35A型舵軸ｽﾀﾝ用ﾊﾟｯｷﾝｸﾞﾗﾝﾄﾞ | D51: =VLOOKUP(B51,バーコード貼付!$A$1:$D$4652,3,FALSE) -> 39 | E51: =VLOOKUP(B51,バーコード貼付!$A$1:$D$4652,4,FALSE) -> 3 | G51: =IF(D51-E51>=0,0,1) -> 0 | I51: =IF(AND(D51<=0,D51-E51<0),1,0) -> 0 | O51: =E51-D51 -> -36
A52: 50 | B52: KPG04040 | C52: =VLOOKUP(B52,バーコード貼付!$A$1:$D$4652,2,FALSE) -> BC40A型舵軸ｽﾀﾝ用ﾊﾟｯｷﾝｸﾞﾗﾝﾄﾞ | D52: =VLOOKUP(B52,バーコード貼付!$A$1:$D$4652,3,FALSE) -> 50 | E52: =VLOOKUP(B52,バーコード貼付!$A$1:$D$4652,4,FALSE) -> 3 | G52: =IF(D52-E52>=0,0,1) -> 0 | I52: =IF(AND(D52<=0,D52-E52<0),1,0) -> 0 | O52: =E52-D52 -> -47
... A55: 53 | B55: KPG04055 | C55: =VLOOKUP(B55,バーコード貼付!$A$1:$D$4652,2,FALSE) -> BC55A型舵軸ｽﾀﾝ用ﾊﾟｯｷﾝｸﾞﾗﾝﾄﾞ | D55: =VLOOKUP(B55,バーコード貼付!$A$1:$D$4652,3,FALSE) -> 61 | E55: =VLOOKUP(B55,バーコード貼付!$A$1:$D$4652,4,FALSE) -> 3 | G55: =IF(D55-E55>=0,0,1) -> 0 | I55: =IF(AND(D55<=0,D55-E55<0),1,0) -> 0 | O55: =E55-D55 -> -58
A56: 54 | B56: KPG04060 | C56: =VLOOKUP(B56,バーコード貼付!$A$1:$D$4652,2,FALSE) -> BC60A型舵軸ｽﾀﾝ用ﾊﾟｯｷﾝｸﾞﾗﾝﾄﾞ | D56: =VLOOKUP(B56,バーコード貼付!$A$1:$D$4652,3,FALSE) -> 33 | E56: 33 | G56: =IF(D56-E56>=0,0,1) -> 0 | I56: =IF(AND(D56<=0,D56-E56<0),1,0) -> 0 | O56: =E56-D56 -> 0
A57: 55 | B57: KPG04070 | C57: =VLOOKUP(B57,バーコード貼付!$A$1:$D$4652,2,FALSE) -> BC70A型舵軸ｽﾀﾝ用ﾊﾟｯｷﾝｸﾞﾗﾝﾄﾞ | D57: =VLOOKUP(B57,バーコード貼付!$A$1:$D$4652,3,FALSE) -> 20 | E57: =VLOOKUP(B57,バーコード貼付!$A$1:$D$4652,4,FALSE) -> 5 | G57: =IF(D57-E57>=0,0,1) -> 0 | I57: =IF(AND(D57<=0,D57-E57<0),1,0) -> 0 | O57: =E57-D57 -> -15
A58: 56 | B58: KPG04075 | C58: =VLOOKUP(B58,バーコード貼付!$A$1:$D$4652,2,FALSE) -> BC75A型舵軸ｽﾀﾝ用ﾊﾟｯｷﾝｸﾞﾗﾝﾄﾞ | D58: =VLOOKUP(B58,バーコード貼付!$A$1:$D$4652,3,FALSE) -> 20 | E58: =VLOOKUP(B58,バーコード貼付!$A$1:$D$4652,4,FALSE) -> 5 | G58: =IF(D58-E58>=0,0,1) -> 0 | I58: =IF(AND(D58<=0,D58-E58<0),1,0) -> 0 | O58: =E58-D58 -> -15
A59: 57 | B59: KPG04080 | C59: =VLOOKUP(B59,バーコード貼付!$A$1:$D$4652,2,FALSE) -> BC80A型舵軸ｽﾀﾝ用ﾊﾟｯｷﾝｸﾞﾗﾝﾄﾞ | D59: =VLOOKUP(B59,バーコード貼付!$A$1:$D$4652,3,FALSE) -> 21 | E59: =VLOOKUP(B59,バーコード貼付!$A$1:$D$4652,4,FALSE) -> 5 | G59: =IF(D59-E59>=0,0,1) -> 0 | I59: =IF(AND(D59<=0,D59-E59<0),1,0) -> 0 | O59: =E59-D59 -> -16
A60: 58 | B60: TRA045T | C60: =VLOOKUP(B60,バーコード貼付!$A$1:$D$4652,2,FALSE) -> TRA型軸45単式用ｽｰﾊﾟｰｼｰﾙ単体 | D60: =VLOOKUP(B60,バーコード貼付!$A$1:$D$4652,3,FALSE) -> 11 | E60: =VLOOKUP(B60,バーコード貼付!$A$1:$D$4652,4,FALSE) -> 5 | G60: =IF(D60-E60>=0,0,1) -> 0 | I60: =IF(AND(D60<=0,D60-E60<0),1,0) -> 0 | O60: =E60-D60 -> -6
A61: 59 | B61: TRA060T | C61: =VLOOKUP(B61,バーコード貼付!$A$1:$D$4652,2,FALSE) -> TRA型軸60単式用ｽｰﾊﾟｰｼｰﾙ単体 | D61: =VLOOKUP(B61,バーコード貼付!$A$1:$D$4652,3,FALSE) -> 5 | E61: =VLOOKUP(B61,バーコード貼付!$A$1:$D$4652,4,FALSE) -> 5 | G61: =IF(D61-E61>=0,0,1) -> 0 | I61: =IF(AND(D61<=0,D61-E61<0),1,0) -> 0 | O61: =E61-D61 -> 0
A62: 60 | B62: TRA045A | C62: =VLOOKUP(B62,バーコード貼付!$A$1:$D$4652,2,FALSE) -> TRA型軸45A型舵軸用ｽｰﾊﾟｰｼｰﾙ単体 | D62: =VLOOKUP(B62,バーコード貼付!$A$1:$D$4652,3,FALSE) -> 20 | E62: =VLOOKUP(B62,バーコード貼付!$A$1:$D$4652,4,FALSE) -> 5 | G62: =IF(D62-E62>=0,0,1) -> 0 | I62: =IF(AND(D62<=0,D62-E62<0),1,0) -> 0 | O62: =E62-D62 -> -15
A63: 61 | B63: TRA050A | C63: =VLOOKUP(B63,バーコード貼付!$A$1:$D$4652,2,FALSE) -> TRA型軸50A型舵軸用ｽｰﾊﾟｰｼｰﾙ単体 | D63: =VLOOKUP(B63,バーコード貼付!$A$1:$D$4652,3,FALSE) -> 10 | E63: =VLOOKUP(B63,バーコード貼付!$A$1:$D$4652,4,FALSE) -> 5 | G63: =IF(D63-E63>=0,0,1) -> 0 | I63: =IF(AND(D63<=0,D63-E63<0),1,0) -> 0 | O63: =E63-D63 -> -5
A64: 62 | B64: TRA055A | C64: =VLOOKUP(B64,バーコード貼付!$A$1:$D$4652,2,FALSE) -> TRA型軸55A型舵軸用ｽｰﾊﾟｰｼｰﾙ単体 | D64: =VLOOKUP(B64,バーコード貼付!$A$1:$D$4652,3,FALSE) -> 11 | E64: =VLOOKUP(B64,バーコード貼付!$A$1:$D$4652,4,FALSE) -> 5 | G64: =IF(D64-E64>=0,0,1) -> 0 | I64: =IF(AND(D64<=0,D64-E64<0),1,0) -> 0 | O64: =E64-D64 -> -6
A65: 63 | B65: TRA060A | C65: =VLOOKUP(B65,バーコード貼付!$A$1:$D$4652,2,FALSE) -> TRA型軸60A型舵軸用ｽｰﾊﾟｰｼｰﾙ単体 | D65: =VLOOKUP(B65,バーコード貼付!$A$1:$D$4652,3,FALSE) -> 4 | E65: =VLOOKUP(B65,バーコード貼付!$A$1:$D$4652,4,FALSE) -> 3 | G65: =IF(D65-E65>=0,0,1) -> 0 | I65: =IF(AND(D65<=0,D65-E65<0),1,0) -> 0 | O65: =E65-D65 -> -1
A66: 64 | B66: TRA065A | C66: =VLOOKUP(B66,バーコード貼付!$A$1:$D$4652,2,FALSE) -> TRA型軸65A型舵軸用ｽｰﾊﾟｰｼｰﾙ単体 | D66: =VLOOKUP(B66,バーコード貼付!$A$1:$D$4652,3,FALSE) -> 21 | E66: =VLOOKUP(B66,バーコード貼付!$A$1:$D$4652,4,FALSE) -> 5 | G66: =IF(D66-E66>=0,0,1) -> 0 | I66: =IF(AND(D66<=0,D66-E66<0),1,0) -> 0 | O66: =E66-D66 -> -16
A67: 65 | B67: TRA070A | C67: =VLOOKUP(B67,バーコード貼付!$A$1:$D$4652,2,FALSE) -> TRA型軸70A型舵軸用ｽｰﾊﾟｰｼｰﾙ単体 | D67: =VLOOKUP(B67,バーコード貼付!$A$1:$D$4652,3,FALSE) -> 11 | E67: =VLOOKUP(B67,バーコード貼付!$A$1:$D$4652,4,FALSE) -> 5 | G67: =IF(D67-E67>=0,0,1) -> 0 | I67: =IF(AND(D67<=0,D67-E67<0),1,0) -> 0 | O67: =E67-D67 -> -6
A68: 66 | B68: TRP045 | C68: =VLOOKUP(B68,バーコード貼付!$A$1:$D$4652,2,FALSE) -> TRP型軸45FRPｽｰﾊﾟｰｼｰﾙ単体 | D68: =VLOOKUP(B68,バーコード貼付!$A$1:$D$4652,3,FALSE) -> 10 | E68: =VLOOKUP(B68,バーコード貼付!$A$1:$D$4652,4,FALSE) -> 5 | G68: =IF(D68-E68>=0,0,1) -> 0 | I68: =IF(AND(D68<=0,D68-E68<0),1,0) -> 0 | O68: =E68-D68 -> -5
... A84: 82 | B84: CHX04035 | C84: =VLOOKUP(B84,バーコード貼付!$A$1:$D$4652,2,FALSE) -> BCS66*35舵軸用ｽﾀﾝﾁｭｰﾌﾞ | D84: =VLOOKUP(B84,バーコード貼付!$A$1:$D$4652,3,FALSE) -> 0 | E84: =VLOOKUP(B84,バーコード貼付!$A$1:$D$4652,4,FALSE) -> 0 | G84: =IF(D84-E84>=0,0,1) -> 0 | I84: =IF(AND(D84<=0,D84-E84<0),1,0) -> 0 | O84: =E84-D84 -> 0
A85: 83 | B85: KPG04065 | C85: =VLOOKUP(B85,バーコード貼付!$A$1:$D$4652,2,FALSE) -> BC65A型舵軸ｽﾀﾝ用ﾊﾟｯｷﾝｸﾞﾗﾝﾄﾞ | D85: =VLOOKUP(B85,バーコード貼付!$A$1:$D$4652,3,FALSE) -> 35 | E85: 35 | G85: =IF(D85-E85>=0,0,1) -> 0 | I85: =IF(AND(D85<=0,D85-E85<0),1,0) -> 0
B86: TRA090T | C86: =VLOOKUP(B86,バーコード貼付!$A$1:$D$4652,2,FALSE) -> #N/A | D86: =VLOOKUP(B86,バーコード貼付!$A$1:$D$4652,3,FALSE) -> #N/A

Sheet 12
F1: =TODAY()-90 -> 46203
A2: 番号 | B2: コード | C2: 12.バルブ類 | D2: 在庫数 | E2: 発注点 | F2: 発注点割れ | G2: =SUM(G3:G28) -> 2 | H2: 在庫欠品 | I2: =SUM(I3:I28) -> 0 | P2: =P1+1 -> 1
A3: 1 | B3: QCN5K065N | C3: =VLOOKUP(B3,バーコード貼付!$A$1:$D$4652,2,FALSE) -> BC5K-65NK肘弁(ﾅｲﾛﾝｺｰﾃｨﾝｸﾞ) | D3: =VLOOKUP(B3,バーコード貼付!$A$1:$D$4652,3,FALSE) -> 2 | E3: 22 | F3: 46276 | G3: =IF(D3-E3>=0,0,1) -> 1 | I3: =IF(AND(D3<=0,D3-E3<0),1,0) -> 0 | O3: =E3-D3 -> 20
A4: 2 | B4: QCN5K015 | C4: =VLOOKUP(B4,バーコード貼付!$A$1:$D$4652,2,FALSE) -> BC5K-15JIS肘弁(ﾅｲﾛﾝｺｰﾃｨﾝｸﾞ) | D4: =VLOOKUP(B4,バーコード貼付!$A$1:$D$4652,3,FALSE) -> 19 | E4: 20 | F4: 46227 | G4: =IF(D4-E4>=0,0,1) -> 1 | I4: =IF(AND(D4<=0,D4-E4<0),1,0) -> 0 | O4: =E4-D4 -> 1
A5: 3 | B5: QCN5K040N | C5: =VLOOKUP(B5,バーコード貼付!$A$1:$D$4652,2,FALSE) -> BC5K-40NK肘弁(ﾅｲﾛﾝｺｰﾃｨﾝｸﾞ) | D5: =VLOOKUP(B5,バーコード貼付!$A$1:$D$4652,3,FALSE) -> 28 | E5: 4 | G5: =IF(D5-E5>=0,0,1) -> 0 | I5: =IF(AND(D5<=0,D5-E5<0),1,0) -> 0 | O5: =E5-D5 -> -24
A6: 4 | B6: QCN5K020 | C6: =VLOOKUP(B6,バーコード貼付!$A$1:$D$4652,2,FALSE) -> BC5K-20JIS肘弁(ﾅｲﾛﾝｺｰﾃｨﾝｸﾞ) | D6: =VLOOKUP(B6,バーコード貼付!$A$1:$D$4652,3,FALSE) -> 20 | E6: 2 | G6: =IF(D6-E6>=0,0,1) -> 0 | I6: =IF(AND(D6<=0,D6-E6<0),1,0) -> 0 | O6: =E6-D6 -> -18
A7: 5 | B7: QCN5K065 | C7: =VLOOKUP(B7,バーコード貼付!$A$1:$D$4652,2,FALSE) -> BC5K-65JIS肘弁(ﾅｲﾛﾝｺｰﾃｨﾝｸﾞ) | D7: =VLOOKUP(B7,バーコード貼付!$A$1:$D$4652,3,FALSE) -> 34 | E7: 1 | G7: =IF(D7-E7>=0,0,1) -> 0 | I7: =IF(AND(D7<=0,D7-E7<0),1,0) -> 0 | O7: =E7-D7 -> -33
A8: 6 | B8: QCN5K040 | C8: =VLOOKUP(B8,バーコード貼付!$A$1:$D$4652,2,FALSE) -> BC5K-40JIS肘弁(ﾅｲﾛﾝｺｰﾃｨﾝｸﾞ) | D8: =VLOOKUP(B8,バーコード貼付!$A$1:$D$4652,3,FALSE) -> 19 | E8: 2 | G8: =IF(D8-E8>=0,0,1) -> 0 | I8: =IF(AND(D8<=0,D8-E8<0),1,0) -> 0 | O8: =E8-D8 -> -17
A9: 7 | B9: QCN5K050N | C9: =VLOOKUP(B9,バーコード貼付!$A$1:$D$4652,2,FALSE) -> BC5K-50NK肘弁(ﾅｲﾛﾝｺｰﾃｨﾝｸﾞ) | D9: =VLOOKUP(B9,バーコード貼付!$A$1:$D$4652,3,FALSE) -> 14 | E9: 6 | G9: =IF(D9-E9>=0,0,1) -> 0 | I9: =IF(AND(D9<=0,D9-E9<0),1,0) -> 0 | O9: =E9-D9 -> -8
A10: 8 | B10: QCN5K025N | C10: =VLOOKUP(B10,バーコード貼付!$A$1:$D$4652,2,FALSE) -> BC5K-25NK肘弁(ﾅｲﾛﾝｺｰﾃｨﾝｸﾞ) | D10: =VLOOKUP(B10,バーコード貼付!$A$1:$D$4652,3,FALSE) -> 11 | E10: =VLOOKUP(B10,バーコード貼付!$A$1:$D$4652,4,FALSE) -> 3 | G10: =IF(D10-E10>=0,0,1) -> 0 | I10: =IF(AND(D10<=0,D10-E10<0),1,0) -> 0 | O10: =E10-D10 -> -8
A11: 9 | B11: QCN5K050 | C11: =VLOOKUP(B11,バーコード貼付!$A$1:$D$4652,2,FALSE) -> BC5K-50JIS肘弁(ﾅｲﾛﾝｺｰﾃｨﾝｸﾞ) | D11: =VLOOKUP(B11,バーコード貼付!$A$1:$D$4652,3,FALSE) -> 18 | E11: 5 | G11: =IF(D11-E11>=0,0,1) -> 0 | I11: =IF(AND(D11<=0,D11-E11<0),1,0) -> 0 | O11: =E11-D11 -> -13
A12: 10 | B12: QCN5K032N | C12: =VLOOKUP(B12,バーコード貼付!$A$1:$D$4652,2,FALSE) -> BC5K-32NK肘弁(ﾅｲﾛﾝｺｰﾃｨﾝｸﾞ) | D12: =VLOOKUP(B12,バーコード貼付!$A$1:$D$4652,3,FALSE) -> 20 | E12: 1 | G12: =IF(D12-E12>=0,0,1) -> 0 | I12: =IF(AND(D12<=0,D12-E12<0),1,0) -> 0 | O12: =E12-D12 -> -19
A13: 11 | B13: QCN5K015N | C13: =VLOOKUP(B13,バーコード貼付!$A$1:$D$4652,2,FALSE) -> BC5K-15NK肘弁(ﾅｲﾛﾝｺｰﾃｨﾝｸﾞ) | D13: =VLOOKUP(B13,バーコード貼付!$A$1:$D$4652,3,FALSE) -> 15 | E13: 2 | G13: =IF(D13-E13>=0,0,1) -> 0 | I13: =IF(AND(D13<=0,D13-E13<0),1,0) -> 0 | O13: =E13-D13 -> -13
A14: 12 | B14: QCN5K080 | C14: =VLOOKUP(B14,バーコード貼付!$A$1:$D$4652,2,FALSE) -> BC5K-80JIS肘弁(ﾅｲﾛﾝｺｰﾃｨﾝｸﾞ) | D14: =VLOOKUP(B14,バーコード貼付!$A$1:$D$4652,3,FALSE) -> 4 | E14: 1 | G14: =IF(D14-E14>=0,0,1) -> 0 | I14: =IF(AND(D14<=0,D14-E14<0),1,0) -> 0 | O14: =E14-D14 -> -3
A15: 13 | B15: QCN5K032 | C15: =VLOOKUP(B15,バーコード貼付!$A$1:$D$4652,2,FALSE) -> BC5K-32JIS肘弁(ﾅｲﾛﾝｺｰﾃｨﾝｸﾞ) | D15: =VLOOKUP(B15,バーコード貼付!$A$1:$D$4652,3,FALSE) -> 8 | E15: =VLOOKUP(B15,バーコード貼付!$A$1:$D$4652,4,FALSE) -> 5 | G15: =IF(D15-E15>=0,0,1) -> 0 | I15: =IF(AND(D15<=0,D15-E15<0),1,0) -> 0 | O15: =E15-D15 -> -3
A16: 14 | B16: QCN5K080N | C16: =VLOOKUP(B16,バーコード貼付!$A$1:$D$4652,2,FALSE) -> BC5K-80NK肘弁(ﾅｲﾛﾝｺｰﾃｨﾝｸﾞ) | D16: =VLOOKUP(B16,バーコード貼付!$A$1:$D$4652,3,FALSE) -> 5 | E16: =VLOOKUP(B16,バーコード貼付!$A$1:$D$4652,4,FALSE) -> 1 | G16: =IF(D16-E16>=0,0,1) -> 0 | I16: =IF(AND(D16<=0,D16-E16<0),1,0) -> 0 | O16: =E16-D16 -> -4
A17: 15 | B17: QCN5K025 | C17: =VLOOKUP(B17,バーコード貼付!$A$1:$D$4652,2,FALSE) -> BC5K-25JIS肘弁(ﾅｲﾛﾝｺｰﾃｨﾝｸﾞ) | D17: =VLOOKUP(B17,バーコード貼付!$A$1:$D$4652,3,FALSE) -> 41 | E17: =VLOOKUP(B17,バーコード貼付!$A$1:$D$4652,4,FALSE) -> 5 | G17: =IF(D17-E17>=0,0,1) -> 0 | I17: =IF(AND(D17<=0,D17-E17<0),1,0) -> 0 | O17: =E17-D17 -> -36
A18: 16 | B18: QI009 | C18: =VLOOKUP(B18,バーコード貼付!$A$1:$D$4652,2,FALSE) -> 3/8(9)ｽﾀﾝﾌﾟｱﾝｸﾞﾙﾊﾞﾙﾌﾞ | D18: =VLOOKUP(B18,バーコード貼付!$A$1:$D$4652,3,FALSE) -> 607 | E18: =VLOOKUP(B18,バーコード貼付!$A$1:$D$4652,4,FALSE) -> 100 | G18: =IF(D18-E18>=0,0,1) -> 0 | I18: =IF(AND(D18<=0,D18-E18<0),1,0) -> 0 | O18: =E18-D18 -> -507
A19: 17 | B19: QI012 | C19: =VLOOKUP(B19,バーコード貼付!$A$1:$D$4652,2,FALSE) -> 1/2(12)ｽﾀﾝﾌﾟｱﾝｸﾞﾙﾊﾞﾙﾌﾞ | D19: =VLOOKUP(B19,バーコード貼付!$A$1:$D$4652,3,FALSE) -> 347 | E19: =VLOOKUP(B19,バーコード貼付!$A$1:$D$4652,4,FALSE) -> 100 | G19: =IF(D19-E19>=0,0,1) -> 0 | I19: =IF(AND(D19<=0,D19-E19<0),1,0) -> 0 | O19: =E19-D19 -> -247
A20: 18 | B20: QI019 | C20: =VLOOKUP(B20,バーコード貼付!$A$1:$D$4652,2,FALSE) -> 3/4(19)ｽﾀﾝﾌﾟｱﾝｸﾞﾙﾊﾞﾙﾌﾞ | D20: =VLOOKUP(B20,バーコード貼付!$A$1:$D$4652,3,FALSE) -> 378 | E20: =VLOOKUP(B20,バーコード貼付!$A$1:$D$4652,4,FALSE) -> 50 | G20: =IF(D20-E20>=0,0,1) -> 0 | I20: =IF(AND(D20<=0,D20-E20<0),1,0) -> 0 | O20: =E20-D20 -> -328
A21: 19 | B21: QCN5K020N | C21: =VLOOKUP(B21,バーコード貼付!$A$1:$D$4652,2,FALSE) -> BC5K-20NK肘弁(ﾅｲﾛﾝｺｰﾃｨﾝｸﾞ) | D21: =VLOOKUP(B21,バーコード貼付!$A$1:$D$4652,3,FALSE) -> 18 | E21: =VLOOKUP(B21,バーコード貼付!$A$1:$D$4652,4,FALSE) -> 3 | G21: =IF(D21-E21>=0,0,1) -> 0 | I21: =IF(AND(D21<=0,D21-E21<0),1,0) -> 0 | O21: =E21-D21 -> -15
B22: QE009 | C22: =VLOOKUP(B22,バーコード貼付!$A$1:$D$4652,2,FALSE) -> #N/A | D22: =VLOOKUP(B22,バーコード貼付!$A$1:$D$4652,3,FALSE) -> #N/A
B23: QE012 | C23: =VLOOKUP(B23,バーコード貼付!$A$1:$D$4652,2,FALSE) -> #N/A | D23: =VLOOKUP(B23,バーコード貼付!$A$1:$D$4652,3,FALSE) -> #N/A
B24: QE016 | C24: =VLOOKUP(B24,バーコード貼付!$A$1:$D$4652,2,FALSE) -> #N/A | D24: =VLOOKUP(B24,バーコード貼付!$A$1:$D$4652,3,FALSE) -> #N/A
B25: QE019 | C25: =VLOOKUP(B25,バーコード貼付!$A$1:$D$4652,2,FALSE) -> #N/A | D25: =VLOOKUP(B25,バーコード貼付!$A$1:$D$4652,3,FALSE) -> #N/A
B26: QE025 | C26: =VLOOKUP(B26,バーコード貼付!$A$1:$D$4652,2,FALSE) -> #N/A | D26: =VLOOKUP(B26,バーコード貼付!$A$1:$D$4652,3,FALSE) -> #N/A
B27: QE032 | C27: =VLOOKUP(B27,バーコード貼付!$A$1:$D$4652,2,FALSE) -> #N/A | D27: =VLOOKUP(B27,バーコード貼付!$A$1:$D$4652,3,FALSE) -> #N/A
B28: QE038 | C28: =VLOOKUP(B28,バーコード貼付!$A$1:$D$4652,2,FALSE) -> #N/A | D28: =VLOOKUP(B28,バーコード貼付!$A$1:$D$4652,3,FALSE) -> #N/A

Sheet 13
F1: =TODAY()-90 -> 46203
A2: 番号 | B2: コード | C2: 13.亜鉛棒 | D2: 在庫数 | E2: 発注点 | F2: 発注点割れ | G2: =SUM(G3:G56) -> 8 | H2: 在庫欠品 | I2: =SUM(I3:I56) -> 0 | P2: =P1+1 -> 1
A3: 1 | B3: ZO4A | C3: =VLOOKUP(B3,バーコード貼付!$A$1:$D$4652,2,FALSE) -> Z4-A亜鉛棒40φｘ80ｘ105 | D3: =VLOOKUP(B3,バーコード貼付!$A$1:$D$4652,3,FALSE) -> 10 | E3: 20 | F3: 12/16 | G3: =IF(D3-E3>=0,0,1) -> 1 | I3: =IF(AND(D3<=0,D3-E3<0),1,0) -> 0 | O3: =E3-D3 -> 10
A4: 2 | B4: UMD1650N | C4: =VLOOKUP(B4,バーコード貼付!$A$1:$D$4652,2,FALSE) -> 1650亜鉛用亜鉛部のみ16φｘ49 | D4: =VLOOKUP(B4,バーコード貼付!$A$1:$D$4652,3,FALSE) -> 250 | E4: 290 | F4: 46240 | G4: =IF(D4-E4>=0,0,1) -> 1 | I4: =IF(AND(D4<=0,D4-E4<0),1,0) -> 0 | O4: =E4-D4 -> 40
A5: 3 | B5: ZNGMN | C5: =VLOOKUP(B5,バーコード貼付!$A$1:$D$4652,2,FALSE) -> GM亜鉛棒用亜鉛部のみ19φｘ86 | D5: =VLOOKUP(B5,バーコード貼付!$A$1:$D$4652,3,FALSE) -> 180 | E5: 200 | F5: 46240 | G5: =IF(D5-E5>=0,0,1) -> 1 | I5: =IF(AND(D5<=0,D5-E5<0),1,0) -> 0 | O5: =E5-D5 -> 20
A6: 4 | B6: UMD5001 | C6: =VLOOKUP(B6,バーコード貼付!$A$1:$D$4652,2,FALSE) -> UMD5001亜鉛棒(ｶﾁ込) | D6: =VLOOKUP(B6,バーコード貼付!$A$1:$D$4652,3,FALSE) -> 166 | E6: 371 | F6: 46244 | G6: =IF(D6-E6>=0,0,1) -> 1 | I6: =IF(AND(D6<=0,D6-E6<0),1,0) -> 0 | O6: =E6-D6 -> 205
A7: 5 | B7: KZN8808454N | C7: =VLOOKUP(B7,バーコード貼付!$A$1:$D$4652,2,FALSE) -> 8808454(小松向)亜鉛棒用亜鉛のみ21φｘ50 | D7: =VLOOKUP(B7,バーコード貼付!$A$1:$D$4652,3,FALSE) -> 719 | E7: =VLOOKUP(B7,バーコード貼付!$A$1:$D$4652,4,FALSE) -> 800 | F7: 46255 | G7: =IF(D7-E7>=0,0,1) -> 1 | I7: =IF(AND(D7<=0,D7-E7<0),1,0) -> 0 | O7: =E7-D7 -> 81
A8: 6 | B8: UMD1650 | C8: =VLOOKUP(B8,バーコード貼付!$A$1:$D$4652,2,FALSE) -> 1650亜鉛棒(ｶﾁ込)16φｘ49ｘ74 | D8: =VLOOKUP(B8,バーコード貼付!$A$1:$D$4652,3,FALSE) -> 123 | E8: 233 | F8: 46261 | G8: =IF(D8-E8>=0,0,1) -> 1 | I8: =IF(AND(D8<=0,D8-E8<0),1,0) -> 0 | O8: =E8-D8 -> 110
A9: 7 | B9: ZO8AN | C9: =VLOOKUP(B9,バーコード貼付!$A$1:$D$4652,2,FALSE) -> Z-8A亜鉛棒用亜鉛部のみ | D9: =VLOOKUP(B9,バーコード貼付!$A$1:$D$4652,3,FALSE) -> 63 | E9: =VLOOKUP(B9,バーコード貼付!$A$1:$D$4652,4,FALSE) -> 100 | F9: 46290 | G9: =IF(D9-E9>=0,0,1) -> 1 | I9: =IF(AND(D9<=0,D9-E9<0),1,0) -> 0 | O9: =E9-D9 -> 37
A10: 8 | B10: Y2B | C10: =VLOOKUP(B10,バーコード貼付!$A$1:$D$4652,2,FALSE) -> Y2-B亜鉛棒 W5/8 20ｘ30ｘ40 | D10: =VLOOKUP(B10,バーコード貼付!$A$1:$D$4652,3,FALSE) -> 46 | E10: =VLOOKUP(B10,バーコード貼付!$A$1:$D$4652,4,FALSE) -> 50 | F10: 46293 | G10: =IF(D10-E10>=0,0,1) -> 1 | I10: =IF(AND(D10<=0,D10-E10<0),1,0) -> 0 | O10: =E10-D10 -> 4
A11: 9 | B11: ZO10A | C11: =VLOOKUP(B11,バーコード貼付!$A$1:$D$4652,2,FALSE) -> Z10-A亜鉛棒 31ｘ40ｘ60 | D11: =VLOOKUP(B11,バーコード貼付!$A$1:$D$4652,3,FALSE) -> 507 | E11: 10 | G11: =IF(D11-E11>=0,0,1) -> 0 | I11: =IF(AND(D11<=0,D11-E11<0),1,0) -> 0 | O11: =E11-D11 -> -497
A12: 10 | B12: UMD100N | C12: =VLOOKUP(B12,バーコード貼付!$A$1:$D$4652,2,FALSE) -> UMD-100亜鉛用亜鉛部のみ | D12: =VLOOKUP(B12,バーコード貼付!$A$1:$D$4652,3,FALSE) -> 501 | E12: =VLOOKUP(B12,バーコード貼付!$A$1:$D$4652,4,FALSE) -> 120 | G12: =IF(D12-E12>=0,0,1) -> 0 | I12: =IF(AND(D12<=0,D12-E12<0),1,0) -> 0 | O12: =E12-D12 -> -381
A13: 11 | B13: KZN8808454 | C13: =VLOOKUP(B13,バーコード貼付!$A$1:$D$4652,2,FALSE) -> 8808454(小松向)亜鉛棒21φ50ｘ77 | D13: =VLOOKUP(B13,バーコード貼付!$A$1:$D$4652,3,FALSE) -> 860 | E13: 512 | G13: =IF(D13-E13>=0,0,1) -> 0 | I13: =IF(AND(D13<=0,D13-E13<0),1,0) -> 0 | O13: =E13-D13 -> -348
A14: 12 | B14: ZNGM | C14: =VLOOKUP(B14,バーコード貼付!$A$1:$D$4652,2,FALSE) -> GM亜鉛棒19φｘ86ｘ120 | D14: =VLOOKUP(B14,バーコード貼付!$A$1:$D$4652,3,FALSE) -> 276 | E14: =VLOOKUP(B14,バーコード貼付!$A$1:$D$4652,4,FALSE) -> 50 | G14: =IF(D14-E14>=0,0,1) -> 0 | I14: =IF(AND(D14<=0,D14-E14<0),1,0) -> 0 | O14: =E14-D14 -> -226
A15: 13 | B15: ZO9A | C15: =VLOOKUP(B15,バーコード貼付!$A$1:$D$4652,2,FALSE) -> Z9-A亜鉛棒16φｘ35ｘ51ｘ61 | D15: =VLOOKUP(B15,バーコード貼付!$A$1:$D$4652,3,FALSE) -> 2774 | E15: =VLOOKUP(B15,バーコード貼付!$A$1:$D$4652,4,FALSE) -> 500 | G15: =IF(D15-E15>=0,0,1) -> 0 | I15: =IF(AND(D15<=0,D15-E15<0),1,0) -> 0 | O15: =E15-D15 -> -2274
A16: 14 | B16: ZO11A | C16: =VLOOKUP(B16,バーコード貼付!$A$1:$D$4652,2,FALSE) -> Z11-A亜鉛棒20φｘ30ｘ42 | D16: =VLOOKUP(B16,バーコード貼付!$A$1:$D$4652,3,FALSE) -> 1217 | E16: 101 | G16: =IF(D16-E16>=0,0,1) -> 0 | I16: =IF(AND(D16<=0,D16-E16<0),1,0) -> 0 | O16: =E16-D16 -> -1116
A17: 15 | B17: ZO8A | C17: =VLOOKUP(B17,バーコード貼付!$A$1:$D$4652,2,FALSE) -> Z8-A亜鉛棒17φｘ60ｘ72ｘ84 | D17: =VLOOKUP(B17,バーコード貼付!$A$1:$D$4652,3,FALSE) -> 1843 | E17: =VLOOKUP(B17,バーコード貼付!$A$1:$D$4652,4,FALSE) -> 500 | G17: =IF(D17-E17>=0,0,1) -> 0 | I17: =IF(AND(D17<=0,D17-E17<0),1,0) -> 0 | O17: =E17-D17 -> -1343
A18: 16 | B18: ZO7BBS | C18: =VLOOKUP(B18,バーコード貼付!$A$1:$D$4652,2,FALSE) -> Z7-B亜鉛棒(真鍮ﾌﾟﾗｸﾞ付) | D18: =VLOOKUP(B18,バーコード貼付!$A$1:$D$4652,3,FALSE) -> 1381 | E18: 415 | G18: =IF(D18-E18>=0,0,1) -> 0 | I18: =IF(AND(D18<=0,D18-E18<0),1,0) -> 0 | O18: =E18-D18 -> -966
A19: 17 | B19: 2FE43002 | C19: =VLOOKUP(B19,バーコード貼付!$A$1:$D$4652,2,FALSE) -> Z-7B亜鉛部のみ | D19: =VLOOKUP(B19,バーコード貼付!$A$1:$D$4652,3,FALSE) -> 530 | E19: =VLOOKUP(B19,バーコード貼付!$A$1:$D$4652,4,FALSE) -> 30 | G19: =IF(D19-E19>=0,0,1) -> 0 | I19: =IF(AND(D19<=0,D19-E19<0),1,0) -> 0 | O19: =E19-D19 -> -500
A20: 18 | B20: UMD100B | C20: =VLOOKUP(B20,バーコード貼付!$A$1:$D$4652,2,FALSE) -> UMD100B亜鉛棒49ｘ65ｘ75 | D20: =VLOOKUP(B20,バーコード貼付!$A$1:$D$4652,3,FALSE) -> 732 | E20: 302 | G20: =IF(D20-E20>=0,0,1) -> 0 | I20: =IF(AND(D20<=0,D20-E20<0),1,0) -> 0 | O20: =E20-D20 -> -430
A21: 19 | B21: Y4A | C21: =VLOOKUP(B21,バーコード貼付!$A$1:$D$4652,2,FALSE) -> Y4-A亜鉛棒25φｘ40ｘ60ｘ75 | D21: =VLOOKUP(B21,バーコード貼付!$A$1:$D$4652,3,FALSE) -> 13 | E21: 12 | G21: =IF(D21-E21>=0,0,1) -> 0 | I21: =IF(AND(D21<=0,D21-E21<0),1,0) -> 0 | O21: =E21-D21 -> -1
A22: 20 | B22: ZO5A | C22: =VLOOKUP(B22,バーコード貼付!$A$1:$D$4652,2,FALSE) -> Z5-A亜鉛棒28φ75ｘ99 | D22: =VLOOKUP(B22,バーコード貼付!$A$1:$D$4652,3,FALSE) -> 204 | E22: =VLOOKUP(B22,バーコード貼付!$A$1:$D$4652,4,FALSE) -> 50 | G22: =IF(D22-E22>=0,0,1) -> 0 | I22: =IF(AND(D22<=0,D22-E22<0),1,0) -> 0 | O22: =E22-D22 -> -154
A23: 21 | B23: Y1A | C23: =VLOOKUP(B23,バーコード貼付!$A$1:$D$4652,2,FALSE) -> Y1-A亜鉛棒 25ｘ40ｘ52 | D23: =VLOOKUP(B23,バーコード貼付!$A$1:$D$4652,3,FALSE) -> 944 | E23: =VLOOKUP(B23,バーコード貼付!$A$1:$D$4652,4,FALSE) -> 200 | G23: =IF(D23-E23>=0,0,1) -> 0 | I23: =IF(AND(D23<=0,D23-E23<0),1,0) -> 0 | O23: =E23-D23 -> -744
A24: 22 | B24: Y1B | C24: =VLOOKUP(B24,バーコード貼付!$A$1:$D$4652,2,FALSE) -> Y1-B亜鉛棒 25ｘ40ｘ65 | D24: =VLOOKUP(B24,バーコード貼付!$A$1:$D$4652,3,FALSE) -> 158 | E24: =VLOOKUP(B24,バーコード貼付!$A$1:$D$4652,4,FALSE) -> 50 | G24: =IF(D24-E24>=0,0,1) -> 0 | I24: =IF(AND(D24<=0,D24-E24<0),1,0) -> 0 | O24: =E24-D24 -> -108
A25: 23 | B25: Y1C | C25: =VLOOKUP(B25,バーコード貼付!$A$1:$D$4652,2,FALSE) -> Y1-C亜鉛棒 25ｘ50ｘ75 | D25: =VLOOKUP(B25,バーコード貼付!$A$1:$D$4652,3,FALSE) -> 88 | E25: =VLOOKUP(B25,バーコード貼付!$A$1:$D$4652,4,FALSE) -> 50 | G25: =IF(D25-E25>=0,0,1) -> 0 | I25: =IF(AND(D25<=0,D25-E25<0),1,0) -> 0 | O25: =E25-D25 -> -38
A26: 24 | B26: Y2A | C26: =VLOOKUP(B26,バーコード貼付!$A$1:$D$4652,2,FALSE) -> Y2-A亜鉛棒 M16 20ｘ30ｘ40 | D26: =VLOOKUP(B26,バーコード貼付!$A$1:$D$4652,3,FALSE) -> 1229 | E26: =VLOOKUP(B26,バーコード貼付!$A$1:$D$4652,4,FALSE) -> 50 | G26: =IF(D26-E26>=0,0,1) -> 0 | I26: =IF(AND(D26<=0,D26-E26<0),1,0) -> 0 | O26: =E26-D26 -> -1179
A27: 25 | B27: Y2C | C27: =VLOOKUP(B27,バーコード貼付!$A$1:$D$4652,2,FALSE) -> Y2-C亜鉛棒 20ｘ40 | D27: =VLOOKUP(B27,バーコード貼付!$A$1:$D$4652,3,FALSE) -> 91 | E27: =VLOOKUP(B27,バーコード貼付!$A$1:$D$4652,4,FALSE) -> 50 | G27: =IF(D27-E27>=0,0,1) -> 0 | I27: =IF(AND(D27<=0,D27-E27<0),1,0) -> 0 | O27: =E27-D27 -> -41
A28: 26 | B28: Y3A | C28: =VLOOKUP(B28,バーコード貼付!$A$1:$D$4652,2,FALSE) -> Y3-A亜鉛棒21φｘ70ｘ85ｘ100 | D28: =VLOOKUP(B28,バーコード貼付!$A$1:$D$4652,3,FALSE) -> 245 | E28: =VLOOKUP(B28,バーコード貼付!$A$1:$D$4652,4,FALSE) -> 30 | G28: =IF(D28-E28>=0,0,1) -> 0 | I28: =IF(AND(D28<=0,D28-E28<0),1,0) -> 0 | O28: =E28-D28 -> -215
A29: 27 | B29: Y5A | C29: =VLOOKUP(B29,バーコード貼付!$A$1:$D$4652,2,FALSE) -> Y5-A亜鉛棒20φｘ20ｘ38ｘ50 | D29: =VLOOKUP(B29,バーコード貼付!$A$1:$D$4652,3,FALSE) -> 72 | E29: =VLOOKUP(B29,バーコード貼付!$A$1:$D$4652,4,FALSE) -> 50 | G29: =IF(D29-E29>=0,0,1) -> 0 | I29: =IF(AND(D29<=0,D29-E29<0),1,0) -> 0 | O29: =E29-D29 -> -22
A30: 28 | B30: Y6A | C30: =VLOOKUP(B30,バーコード貼付!$A$1:$D$4652,2,FALSE) -> Y6-A亜鉛棒 40ｘ47 | D30: =VLOOKUP(B30,バーコード貼付!$A$1:$D$4652,3,FALSE) -> 93 | E30: =VLOOKUP(B30,バーコード貼付!$A$1:$D$4652,4,FALSE) -> 30 | G30: =IF(D30-E30>=0,0,1) -> 0 | I30: =IF(AND(D30<=0,D30-E30<0),1,0) -> 0 | O30: =E30-D30 -> -63
A31: 29 | B31: Y7A | C31: =VLOOKUP(B31,バーコード貼付!$A$1:$D$4652,2,FALSE) -> Y7-A亜鉛棒 17ｘ42ｘ52 | D31: =VLOOKUP(B31,バーコード貼付!$A$1:$D$4652,3,FALSE) -> 548 | E31: =VLOOKUP(B31,バーコード貼付!$A$1:$D$4652,4,FALSE) -> 50 | G31: =IF(D31-E31>=0,0,1) -> 0 | I31: =IF(AND(D31<=0,D31-E31<0),1,0) -> 0 | O31: =E31-D31 -> -498
A32: 30 | B32: ZO1A | C32: =VLOOKUP(B32,バーコード貼付!$A$1:$D$4652,2,FALSE) -> Z1-A亜鉛棒40φｘ18ｘ44 | D32: =VLOOKUP(B32,バーコード貼付!$A$1:$D$4652,3,FALSE) -> 332 | E32: =VLOOKUP(B32,バーコード貼付!$A$1:$D$4652,4,FALSE) -> 50 | G32: =IF(D32-E32>=0,0,1) -> 0 | I32: =IF(AND(D32<=0,D32-E32<0),1,0) -> 0 | O32: =E32-D32 -> -282
A33: 31 | B33: ZO2A | C33: =VLOOKUP(B33,バーコード貼付!$A$1:$D$4652,2,FALSE) -> Z2-A亜鉛棒20φ18ｘ38 | D33: =VLOOKUP(B33,バーコード貼付!$A$1:$D$4652,3,FALSE) -> 728 | E33: =VLOOKUP(B33,バーコード貼付!$A$1:$D$4652,4,FALSE) -> 50 | G33: =IF(D33-E33>=0,0,1) -> 0 | I33: =IF(AND(D33<=0,D33-E33<0),1,0) -> 0 | O33: =E33-D33 -> -678
... A40: 38 | B40: ZO11B | C40: =VLOOKUP(B40,バーコード貼付!$A$1:$D$4652,2,FALSE) -> Z11-B亜鉛棒 | D40: =VLOOKUP(B40,バーコード貼付!$A$1:$D$4652,3,FALSE) -> 854 | E40: =VLOOKUP(B40,バーコード貼付!$A$1:$D$4652,4,FALSE) -> 100 | G40: =IF(D40-E40>=0,0,1) -> 0 | I40: =IF(AND(D40<=0,D40-E40<0),1,0) -> 0 | O40: =E40-D40 -> -754
A41: 39 | B41: 2FE52010 | C41: =VLOOKUP(B41,バーコード貼付!$A$1:$D$4652,2,FALSE) -> NO1750亜鉛棒 | D41: =VLOOKUP(B41,バーコード貼付!$A$1:$D$4652,3,FALSE) -> 10 | E41: 10 | G41: =IF(D41-E41>=0,0,1) -> 0 | I41: =IF(AND(D41<=0,D41-E41<0),1,0) -> 0 | O41: =E41-D41 -> 0
A42: 40 | B42: 2FE52003 | C42: =VLOOKUP(B42,バーコード貼付!$A$1:$D$4652,2,FALSE) -> 岩沼D亜鉛棒 | D42: =VLOOKUP(B42,バーコード貼付!$A$1:$D$4652,3,FALSE) -> 166 | E42: =VLOOKUP(B42,バーコード貼付!$A$1:$D$4652,4,FALSE) -> 50 | G42: =IF(D42-E42>=0,0,1) -> 0 | I42: =IF(AND(D42<=0,D42-E42<0),1,0) -> 0 | O42: =E42-D42 -> -116
A43: 41 | B43: 2FE52004 | C43: =VLOOKUP(B43,バーコード貼付!$A$1:$D$4652,2,FALSE) -> 岩沼E亜鉛棒 | D43: =VLOOKUP(B43,バーコード貼付!$A$1:$D$4652,3,FALSE) -> 59 | E43: =VLOOKUP(B43,バーコード貼付!$A$1:$D$4652,4,FALSE) -> 30 | G43: =IF(D43-E43>=0,0,1) -> 0 | I43: =IF(AND(D43<=0,D43-E43<0),1,0) -> 0 | O43: =E43-D43 -> -29
A44: 42 | B44: UMC330 | C44: =VLOOKUP(B44,バーコード貼付!$A$1:$D$4652,2,FALSE) -> UMC330 亜鉛棒16φｘ34ｘ46ｘ56 | D44: =VLOOKUP(B44,バーコード貼付!$A$1:$D$4652,3,FALSE) -> 419 | E44: =VLOOKUP(B44,バーコード貼付!$A$1:$D$4652,4,FALSE) -> 100 | G44: =IF(D44-E44>=0,0,1) -> 0 | I44: =IF(AND(D44<=0,D44-E44<0),1,0) -> 0 | O44: =E44-D44 -> -319
A45: 43 | B45: UMC617 | C45: =VLOOKUP(B45,バーコード貼付!$A$1:$D$4652,2,FALSE) -> 617亜鉛棒(ｶﾁ込)15.5φｘ42.5 | D45: =VLOOKUP(B45,バーコード貼付!$A$1:$D$4652,3,FALSE) -> 944 | E45: =VLOOKUP(B45,バーコード貼付!$A$1:$D$4652,4,FALSE) -> 10 | G45: =IF(D45-E45>=0,0,1) -> 0 | I45: =IF(AND(D45<=0,D45-E45<0),1,0) -> 0 | O45: =E45-D45 -> -934
A46: 44 | B46: ZO6AN | C46: =VLOOKUP(B46,バーコード貼付!$A$1:$D$4652,2,FALSE) -> Z-6A亜鉛棒用亜鉛部のみ17φｘ32 | D46: =VLOOKUP(B46,バーコード貼付!$A$1:$D$4652,3,FALSE) -> 56 | E46: =VLOOKUP(B46,バーコード貼付!$A$1:$D$4652,4,FALSE) -> 50 | G46: =IF(D46-E46>=0,0,1) -> 0 | I46: =IF(AND(D46<=0,D46-E46<0),1,0) -> 0 | O46: =E46-D46 -> -6
A47: 45 | B47: ZO6BN | C47: =VLOOKUP(B47,バーコード貼付!$A$1:$D$4652,2,FALSE) -> Z6-B亜鉛棒用亜鉛部のみ17φｘ40 | D47: =VLOOKUP(B47,バーコード貼付!$A$1:$D$4652,3,FALSE) -> 93 | E47: =VLOOKUP(B47,バーコード貼付!$A$1:$D$4652,4,FALSE) -> 50 | G47: =IF(D47-E47>=0,0,1) -> 0 | I47: =IF(AND(D47<=0,D47-E47<0),1,0) -> 0 | O47: =E47-D47 -> -43
A48: 46 | B48: 2FE43008 | C48: =VLOOKUP(B48,バーコード貼付!$A$1:$D$4652,2,FALSE) -> Z-7A亜鉛のみ | D48: =VLOOKUP(B48,バーコード貼付!$A$1:$D$4652,3,FALSE) -> 403 | E48: =VLOOKUP(B48,バーコード貼付!$A$1:$D$4652,4,FALSE) -> 10 | G48: =IF(D48-E48>=0,0,1) -> 0 | I48: =IF(AND(D48<=0,D48-E48<0),1,0) -> 0 | O48: =E48-D48 -> -393
A49: 47 | B49: ZO9AN | C49: =VLOOKUP(B49,バーコード貼付!$A$1:$D$4652,2,FALSE) -> Z9-A亜鉛棒用亜鉛部のみ | D49: =VLOOKUP(B49,バーコード貼付!$A$1:$D$4652,3,FALSE) -> 886 | E49: =VLOOKUP(B49,バーコード貼付!$A$1:$D$4652,4,FALSE) -> 50 | G49: =IF(D49-E49>=0,0,1) -> 0 | I49: =IF(AND(D49<=0,D49-E49<0),1,0) -> 0 | O49: =E49-D49 -> -836
A50: 48 | B50: UMC617N | C50: =VLOOKUP(B50,バーコード貼付!$A$1:$D$4652,2,FALSE) -> 617亜鉛棒(ｶﾁ込)用亜鉛部のみ | D50: =VLOOKUP(B50,バーコード貼付!$A$1:$D$4652,3,FALSE) -> 1579 | E50: =VLOOKUP(B50,バーコード貼付!$A$1:$D$4652,4,FALSE) -> 5 | G50: =IF(D50-E50>=0,0,1) -> 0 | I50: =IF(AND(D50<=0,D50-E50<0),1,0) -> 0 | O50: =E50-D50 -> -1574
A51: 49 | B51: TA1 | C51: =VLOOKUP(B51,バーコード貼付!$A$1:$D$4652,2,FALSE) -> TA-1防蝕ｱﾙﾐ(SET品) | D51: =VLOOKUP(B51,バーコード貼付!$A$1:$D$4652,3,FALSE) -> 33 | E51: =VLOOKUP(B51,バーコード貼付!$A$1:$D$4652,4,FALSE) -> 30 | G51: =IF(D51-E51>=0,0,1) -> 0 | I51: =IF(AND(D51<=0,D51-E51<0),1,0) -> 0 | O51: =E51-D51 -> -3
A52: 50 | B52: TA1A | C52: =VLOOKUP(B52,バーコード貼付!$A$1:$D$4652,2,FALSE) -> TA-1防蝕ｱﾙﾐ体のみ | D52: =VLOOKUP(B52,バーコード貼付!$A$1:$D$4652,3,FALSE) -> 75 | E52: =VLOOKUP(B52,バーコード貼付!$A$1:$D$4652,4,FALSE) -> 20 | G52: =IF(D52-E52>=0,0,1) -> 0 | I52: =IF(AND(D52<=0,D52-E52<0),1,0) -> 0 | O52: =E52-D52 -> -55
A53: 51 | B53: TA2A | C53: =VLOOKUP(B53,バーコード貼付!$A$1:$D$4652,2,FALSE) -> TA-2防蝕ｱﾙﾐ体のみ | D53: =VLOOKUP(B53,バーコード貼付!$A$1:$D$4652,3,FALSE) -> 117 | E53: =VLOOKUP(B53,バーコード貼付!$A$1:$D$4652,4,FALSE) -> 10 | G53: =IF(D53-E53>=0,0,1) -> 0 | I53: =IF(AND(D53<=0,D53-E53<0),1,0) -> 0 | O53: =E53-D53 -> -107
A54: 52 | B54: TA2 | C54: =VLOOKUP(B54,バーコード貼付!$A$1:$D$4652,2,FALSE) -> TA-2防蝕ｱﾙﾐ(SET品) | D54: =VLOOKUP(B54,バーコード貼付!$A$1:$D$4652,3,FALSE) -> 0 | E54: =VLOOKUP(B54,バーコード貼付!$A$1:$D$4652,4,FALSE) -> 0 | G54: =IF(D54-E54>=0,0,1) -> 0 | I54: =IF(AND(D54<=0,D54-E54<0),1,0) -> 0 | O54: =E54-D54 -> 0
B55: TA1B | C55: =VLOOKUP(B55,バーコード貼付!$A$1:$D$4652,2,FALSE) -> #N/A | D55: =VLOOKUP(B55,バーコード貼付!$A$1:$D$4652,3,FALSE) -> #N/A
B56: TA2B | C56: =VLOOKUP(B56,バーコード貼付!$A$1:$D$4652,2,FALSE) -> #N/A | D56: =VLOOKUP(B56,バーコード貼付!$A$1:$D$4652,3,FALSE) -> #N/A

Sheet 14
F1: =TODAY()-90 -> 46203
A2: 番号 | B2: コード | C2: 14.メタル | D2: 在庫数 | E2: 発注点 | F2: 発注点割れ | G2: =SUM(G3:G101) -> 3 | H2: 在庫欠品 | I2: =SUM(I3:I101) -> 1 | P2: =P1+1 -> 1
A3: 1 | B3: DJ04050F | C3: =VLOOKUP(B3,バーコード貼付!$A$1:$D$4652,2,FALSE) -> BCF50止ﾒﾀﾙ | D3: =VLOOKUP(B3,バーコード貼付!$A$1:$D$4652,3,FALSE) -> 7 | E3: 13 | F3: 46212 | G3: =IF(D3-E3>=0,0,1) -> 1 | I3: =IF(AND(D3<=0,D3-E3<0),1,0) -> 0 | O3: =E3-D3 -> 6
A4: 2 | B4: CP04089 | C4: =VLOOKUP(B4,バーコード貼付!$A$1:$D$4652,2,FALSE) -> BC31/2(89)釣ﾒﾀﾙ | D4: =VLOOKUP(B4,バーコード貼付!$A$1:$D$4652,3,FALSE) -> 2 | E4: 3 | F4: 46244 | G4: =IF(D4-E4>=0,0,1) -> 1 | I4: =IF(AND(D4<=0,D4-E4<0),1,0) -> 0 | O4: =E4-D4 -> 1
A5: 3 | B5: CP04070 | C5: =VLOOKUP(B5,バーコード貼付!$A$1:$D$4652,2,FALSE) -> BC23/4(70)釣ﾒﾀﾙ | D5: =VLOOKUP(B5,バーコード貼付!$A$1:$D$4652,3,FALSE) -> 0 | E5: 2 | F5: 46226 | G5: =IF(D5-E5>=0,0,1) -> 1 | H5: 46226 | I5: =IF(AND(D5<=0,D5-E5<0),1,0) -> 1 | O5: =E5-D5 -> 2
A6: 4 | B6: CPQ76 | C6: =VLOOKUP(B6,バーコード貼付!$A$1:$D$4652,2,FALSE) -> 真鍮3”~31/2釣ﾒﾀﾙ主軸ﾋﾟﾝ用ﾅｯﾄ | D6: =VLOOKUP(B6,バーコード貼付!$A$1:$D$4652,3,FALSE) -> 240 | E6: 192 | G6: =IF(D6-E6>=0,0,1) -> 0 | I6: =IF(AND(D6<=0,D6-E6<0),1,0) -> 0 | O6: =E6-D6 -> -48
A7: 5 | B7: CP04050F | C7: =VLOOKUP(B7,バーコード貼付!$A$1:$D$4652,2,FALSE) -> BCF50釣ﾒﾀﾙ | D7: =VLOOKUP(B7,バーコード貼付!$A$1:$D$4652,3,FALSE) -> 19 | E7: =VLOOKUP(B7,バーコード貼付!$A$1:$D$4652,4,FALSE) -> 13 | G7: =IF(D7-E7>=0,0,1) -> 0 | I7: =IF(AND(D7<=0,D7-E7<0),1,0) -> 0 | O7: =E7-D7 -> -6
A8: 6 | B8: CP04114 | C8: =VLOOKUP(B8,バーコード貼付!$A$1:$D$4652,2,FALSE) -> BC41/2(114)釣ﾒﾀﾙ | D8: =VLOOKUP(B8,バーコード貼付!$A$1:$D$4652,3,FALSE) -> 0 | E8: 0 | G8: =IF(D8-E8>=0,0,1) -> 0 | I8: =IF(AND(D8<=0,D8-E8<0),1,0) -> 0 | O8: =E8-D8 -> 0
A9: 7 | B9: CP04055F | C9: =VLOOKUP(B9,バーコード貼付!$A$1:$D$4652,2,FALSE) -> BCF55釣ﾒﾀﾙ | D9: =VLOOKUP(B9,バーコード貼付!$A$1:$D$4652,3,FALSE) -> 22 | E9: 5 | G9: =IF(D9-E9>=0,0,1) -> 0 | I9: =IF(AND(D9<=0,D9-E9<0),1,0) -> 0 | O9: =E9-D9 -> -17
A10: 8 | B10: OLB89 | C10: =VLOOKUP(B10,バーコード貼付!$A$1:$D$4652,2,FALSE) -> BC31/2(89)折曲ｼﾞｮｲﾝﾄ(両折れ) | D10: =VLOOKUP(B10,バーコード貼付!$A$1:$D$4652,3,FALSE) -> 0 | E10: 0 | G10: =IF(D10-E10>=0,0,1) -> 0 | I10: =IF(AND(D10<=0,D10-E10<0),1,0) -> 0 | O10: =E10-D10 -> 0
A11: 9 | B11: DG04038 | C11: =VLOOKUP(B11,バーコード貼付!$A$1:$D$4652,2,FALSE) -> BC11/2(38)ｽﾗｲﾄﾞﾒﾀﾙ | D11: =VLOOKUP(B11,バーコード貼付!$A$1:$D$4652,3,FALSE) -> 21 | E11: 1 | G11: =IF(D11-E11>=0,0,1) -> 0 | I11: =IF(AND(D11<=0,D11-E11<0),1,0) -> 0 | O11: =E11-D11 -> -20
A12: 10 | B12: CP04050 | C12: =VLOOKUP(B12,バーコード貼付!$A$1:$D$4652,2,FALSE) -> BC2”(並)釣ﾒﾀﾙ | D12: =VLOOKUP(B12,バーコード貼付!$A$1:$D$4652,3,FALSE) -> 37 | E12: 4 | G12: =IF(D12-E12>=0,0,1) -> 0 | I12: =IF(AND(D12<=0,D12-E12<0),1,0) -> 0 | O12: =E12-D12 -> -33
A13: 11 | B13: DG04089 | C13: =VLOOKUP(B13,バーコード貼付!$A$1:$D$4652,2,FALSE) -> BC31/2(89)ｽﾗｲﾄﾞﾒﾀﾙ | D13: =VLOOKUP(B13,バーコード貼付!$A$1:$D$4652,3,FALSE) -> 7 | E13: 2 | G13: =IF(D13-E13>=0,0,1) -> 0 | I13: =IF(AND(D13<=0,D13-E13<0),1,0) -> 0 | O13: =E13-D13 -> -5
A14: 12 | B14: DQ04063 | C14: =VLOOKUP(B14,バーコード貼付!$A$1:$D$4652,2,FALSE) -> BC21/2(63)握りﾊﾝﾄﾞﾙ | D14: =VLOOKUP(B14,バーコード貼付!$A$1:$D$4652,3,FALSE) -> 7 | E14: =VLOOKUP(B14,バーコード貼付!$A$1:$D$4652,4,FALSE) -> 3 | G14: =IF(D14-E14>=0,0,1) -> 0 | I14: =IF(AND(D14<=0,D14-E14<0),1,0) -> 0 | O14: =E14-D14 -> -4
A15: 13 | B15: DJ04055F | C15: =VLOOKUP(B15,バーコード貼付!$A$1:$D$4652,2,FALSE) -> BCF55止ﾒﾀﾙ | D15: =VLOOKUP(B15,バーコード貼付!$A$1:$D$4652,3,FALSE) -> 21 | E15: 8 | G15: =IF(D15-E15>=0,0,1) -> 0 | I15: =IF(AND(D15<=0,D15-E15<0),1,0) -> 0 | O15: =E15-D15 -> -13
A16: 14 | B16: DJ04050 | C16: =VLOOKUP(B16,バーコード貼付!$A$1:$D$4652,2,FALSE) -> BC2”(50)止ﾒﾀﾙ | D16: =VLOOKUP(B16,バーコード貼付!$A$1:$D$4652,3,FALSE) -> 63 | E16: 5 | G16: =IF(D16-E16>=0,0,1) -> 0 | I16: =IF(AND(D16<=0,D16-E16<0),1,0) -> 0 | O16: =E16-D16 -> -58
A17: 15 | B17: CP04100 | C17: =VLOOKUP(B17,バーコード貼付!$A$1:$D$4652,2,FALSE) -> BC4”釣ﾒﾀﾙ | D17: =VLOOKUP(B17,バーコード貼付!$A$1:$D$4652,3,FALSE) -> 0 | E17: 0 | G17: =IF(D17-E17>=0,0,1) -> 0 | I17: =IF(AND(D17<=0,D17-E17<0),1,0) -> 0 | O17: =E17-D17 -> 0
A18: 16 | B18: DG04050F | C18: =VLOOKUP(B18,バーコード貼付!$A$1:$D$4652,2,FALSE) -> BCF50ｽﾗｲﾄﾞﾒﾀﾙ | D18: =VLOOKUP(B18,バーコード貼付!$A$1:$D$4652,3,FALSE) -> 0 | E18: 0 | G18: =IF(D18-E18>=0,0,1) -> 0 | I18: =IF(AND(D18<=0,D18-E18<0),1,0) -> 0 | O18: =E18-D18 -> 0
A19: 17 | B19: DG04100 | C19: =VLOOKUP(B19,バーコード貼付!$A$1:$D$4652,2,FALSE) -> BC4”(100)ｽﾗｲﾄﾞﾒﾀﾙ | D19: =VLOOKUP(B19,バーコード貼付!$A$1:$D$4652,3,FALSE) -> 5 | E19: 5 | G19: =IF(D19-E19>=0,0,1) -> 0 | I19: =IF(AND(D19<=0,D19-E19<0),1,0) -> 0 | O19: =E19-D19 -> 0
A20: 18 | B20: DJ04057 | C20: =VLOOKUP(B20,バーコード貼付!$A$1:$D$4652,2,FALSE) -> BC21/4(57)止ﾒﾀﾙ | D20: =VLOOKUP(B20,バーコード貼付!$A$1:$D$4652,3,FALSE) -> 83 | E20: =VLOOKUP(B20,バーコード貼付!$A$1:$D$4652,4,FALSE) -> 10 | G20: =IF(D20-E20>=0,0,1) -> 0 | I20: =IF(AND(D20<=0,D20-E20<0),1,0) -> 0 | O20: =E20-D20 -> -73
A21: 19 | B21: CP04045F | C21: =VLOOKUP(B21,バーコード貼付!$A$1:$D$4652,2,FALSE) -> BCF45釣ﾒﾀﾙ | D21: =VLOOKUP(B21,バーコード貼付!$A$1:$D$4652,3,FALSE) -> 32 | E21: =VLOOKUP(B21,バーコード貼付!$A$1:$D$4652,4,FALSE) -> 5 | G21: =IF(D21-E21>=0,0,1) -> 0 | I21: =IF(AND(D21<=0,D21-E21<0),1,0) -> 0 | O21: =E21-D21 -> -27
A22: 20 | B22: CP04057 | C22: =VLOOKUP(B22,バーコード貼付!$A$1:$D$4652,2,FALSE) -> BC21/4(57)釣ﾒﾀﾙ | D22: =VLOOKUP(B22,バーコード貼付!$A$1:$D$4652,3,FALSE) -> 61 | E22: =VLOOKUP(B22,バーコード貼付!$A$1:$D$4652,4,FALSE) -> 7 | G22: =IF(D22-E22>=0,0,1) -> 0 | I22: =IF(AND(D22<=0,D22-E22<0),1,0) -> 0 | O22: =E22-D22 -> -54
A23: 21 | B23: CHQ06038 | C23: =VLOOKUP(B23,バーコード貼付!$A$1:$D$4652,2,FALSE) -> 真鍮38~40ﾕﾆﾊﾞｰｻﾙ主軸ﾋﾟﾝ用ﾅｯﾄ | D23: =VLOOKUP(B23,バーコード貼付!$A$1:$D$4652,3,FALSE) -> 618 | E23: =VLOOKUP(B23,バーコード貼付!$A$1:$D$4652,4,FALSE) -> 150 | G23: =IF(D23-E23>=0,0,1) -> 0 | I23: =IF(AND(D23<=0,D23-E23<0),1,0) -> 0 | O23: =E23-D23 -> -468
A24: 22 | B24: CP04032 | C24: =VLOOKUP(B24,バーコード貼付!$A$1:$D$4652,2,FALSE) -> BC11/4(32)釣ﾒﾀﾙ | D24: =VLOOKUP(B24,バーコード貼付!$A$1:$D$4652,3,FALSE) -> 71 | E24: =VLOOKUP(B24,バーコード貼付!$A$1:$D$4652,4,FALSE) -> 3 | G24: =IF(D24-E24>=0,0,1) -> 0 | I24: =IF(AND(D24<=0,D24-E24<0),1,0) -> 0 | O24: =E24-D24 -> -68
A25: 23 | B25: CP04038 | C25: =VLOOKUP(B25,バーコード貼付!$A$1:$D$4652,2,FALSE) -> BC11/2(38)釣ﾒﾀﾙ | D25: =VLOOKUP(B25,バーコード貼付!$A$1:$D$4652,3,FALSE) -> 68 | E25: =VLOOKUP(B25,バーコード貼付!$A$1:$D$4652,4,FALSE) -> 5 | G25: =IF(D25-E25>=0,0,1) -> 0 | I25: =IF(AND(D25<=0,D25-E25<0),1,0) -> 0 | O25: =E25-D25 -> -63
A26: 24 | B26: CP04044 | C26: =VLOOKUP(B26,バーコード貼付!$A$1:$D$4652,2,FALSE) -> BC13/4(45)釣ﾒﾀﾙ | D26: =VLOOKUP(B26,バーコード貼付!$A$1:$D$4652,3,FALSE) -> 46 | E26: =VLOOKUP(B26,バーコード貼付!$A$1:$D$4652,4,FALSE) -> 6 | G26: =IF(D26-E26>=0,0,1) -> 0 | I26: =IF(AND(D26<=0,D26-E26<0),1,0) -> 0 | O26: =E26-D26 -> -40
A27: 25 | B27: CP04051 | C27: =VLOOKUP(B27,バーコード貼付!$A$1:$D$4652,2,FALSE) -> BC2”(大)釣ﾒﾀﾙ | D27: =VLOOKUP(B27,バーコード貼付!$A$1:$D$4652,3,FALSE) -> 50 | E27: =VLOOKUP(B27,バーコード貼付!$A$1:$D$4652,4,FALSE) -> 7 | G27: =IF(D27-E27>=0,0,1) -> 0 | I27: =IF(AND(D27<=0,D27-E27<0),1,0) -> 0 | O27: =E27-D27 -> -43
A28: 26 | B28: CP04063 | C28: =VLOOKUP(B28,バーコード貼付!$A$1:$D$4652,2,FALSE) -> BC21/2(63)釣ﾒﾀﾙ | D28: =VLOOKUP(B28,バーコード貼付!$A$1:$D$4652,3,FALSE) -> 53 | E28: =VLOOKUP(B28,バーコード貼付!$A$1:$D$4652,4,FALSE) -> 8 | G28: =IF(D28-E28>=0,0,1) -> 0 | I28: =IF(AND(D28<=0,D28-E28<0),1,0) -> 0 | O28: =E28-D28 -> -45
A29: 27 | B29: CP04076 | C29: =VLOOKUP(B29,バーコード貼付!$A$1:$D$4652,2,FALSE) -> BC3”(76)釣ﾒﾀﾙ | D29: =VLOOKUP(B29,バーコード貼付!$A$1:$D$4652,3,FALSE) -> 13 | E29: =VLOOKUP(B29,バーコード貼付!$A$1:$D$4652,4,FALSE) -> 5 | G29: =IF(D29-E29>=0,0,1) -> 0 | I29: =IF(AND(D29<=0,D29-E29<0),1,0) -> 0 | O29: =E29-D29 -> -8
A30: 28 | B30: CP04125 | C30: =VLOOKUP(B30,バーコード貼付!$A$1:$D$4652,2,FALSE) -> BC5”(125)釣ﾒﾀﾙ | D30: =VLOOKUP(B30,バーコード貼付!$A$1:$D$4652,3,FALSE) -> 6 | E30: =VLOOKUP(B30,バーコード貼付!$A$1:$D$4652,4,FALSE) -> 3 | G30: =IF(D30-E30>=0,0,1) -> 0 | I30: =IF(AND(D30<=0,D30-E30<0),1,0) -> 0 | O30: =E30-D30 -> -3
A31: 29 | B31: CP04030F | C31: =VLOOKUP(B31,バーコード貼付!$A$1:$D$4652,2,FALSE) -> BCF30釣ﾒﾀﾙ | D31: =VLOOKUP(B31,バーコード貼付!$A$1:$D$4652,3,FALSE) -> 44 | E31: =VLOOKUP(B31,バーコード貼付!$A$1:$D$4652,4,FALSE) -> 1 | G31: =IF(D31-E31>=0,0,1) -> 0 | I31: =IF(AND(D31<=0,D31-E31<0),1,0) -> 0 | O31: =E31-D31 -> -43
... A101: 99 | B101: CHQ06070 | C101: =VLOOKUP(B101,バーコード貼付!$A$1:$D$4652,2,FALSE) -> 真鍮70ﾕﾆﾊﾞｰｻﾙ主軸ﾋﾟﾝ用ﾅｯﾄ | D101: =VLOOKUP(B101,バーコード貼付!$A$1:$D$4652,3,FALSE) -> 308 | E101: =VLOOKUP(B101,バーコード貼付!$A$1:$D$4652,4,FALSE) -> 10 | G101: =IF(D101-E101>=0,0,1) -> 0 | I101: =IF(AND(D101<=0,D101-E101<0),1,0) -> 0 | O101: =E101-D101 -> -298

Sheet 15
F1: =TODAY()-90 -> 46203
A2: 番号 | B2: コード | C2: 15.ポンプ | D2: 在庫数 | E2: 発注点 | F2: 発注点割れ | G2: =SUM(G3:G21) -> 1 | H2: 在庫欠品 | I2: =SUM(I3:I21) -> 0 | P2: =P1+1 -> 1
A3: 1 | B3: NQ65 | C3: =VLOOKUP(B3,バーコード貼付!$A$1:$D$4652,2,FALSE) -> 21/2(65)ﾎﾟﾝﾌﾟ用ｴﾙﾎﾞ | D3: =VLOOKUP(B3,バーコード貼付!$A$1:$D$4652,3,FALSE) -> 17 | E3: =VLOOKUP(B3,バーコード貼付!$A$1:$D$4652,4,FALSE) -> 20 | F3: 46232 | G3: =IF(D3-E3>=0,0,1) -> 1 | I3: =IF(AND(D3<=0,D3-E3<0),1,0) -> 0 | O3: =E3-D3 -> 3
A4: 2 | B4: NQ38N | C4: =VLOOKUP(B4,バーコード貼付!$A$1:$D$4652,2,FALSE) -> 11/2(38)ﾎﾟﾝﾌﾟ用ｴﾙﾎﾞ部品袋ﾅｯﾄ | D4: =VLOOKUP(B4,バーコード貼付!$A$1:$D$4652,3,FALSE) -> 17 | E4: 5 | G4: =IF(D4-E4>=0,0,1) -> 0 | I4: =IF(AND(D4<=0,D4-E4<0),1,0) -> 0 | O4: =E4-D4 -> -12
A5: 3 | B5: NQ38 | C5: =VLOOKUP(B5,バーコード貼付!$A$1:$D$4652,2,FALSE) -> 11/2(38)ﾎﾟﾝﾌﾟ用ｴﾙﾎﾞ | D5: =VLOOKUP(B5,バーコード貼付!$A$1:$D$4652,3,FALSE) -> 364 | E5: 42 | G5: =IF(D5-E5>=0,0,1) -> 0 | I5: =IF(AND(D5<=0,D5-E5<0),1,0) -> 0 | O5: =E5-D5 -> -322
A6: 4 | B6: NQ25 | C6: =VLOOKUP(B6,バーコード貼付!$A$1:$D$4652,2,FALSE) -> 1”(25)ﾎﾟﾝﾌﾟ用ｴﾙﾎﾞ | D6: =VLOOKUP(B6,バーコード貼付!$A$1:$D$4652,3,FALSE) -> 127 | E6: =VLOOKUP(B6,バーコード貼付!$A$1:$D$4652,4,FALSE) -> 50 | G6: =IF(D6-E6>=0,0,1) -> 0 | I6: =IF(AND(D6<=0,D6-E6<0),1,0) -> 0 | O6: =E6-D6 -> -77
A7: 5 | B7: NQ32 | C7: =VLOOKUP(B7,バーコード貼付!$A$1:$D$4652,2,FALSE) -> 11/4(32)ﾎﾟﾝﾌﾟ用ｴﾙﾎﾞ | D7: =VLOOKUP(B7,バーコード貼付!$A$1:$D$4652,3,FALSE) -> 217 | E7: =VLOOKUP(B7,バーコード貼付!$A$1:$D$4652,4,FALSE) -> 50 | G7: =IF(D7-E7>=0,0,1) -> 0 | I7: =IF(AND(D7<=0,D7-E7<0),1,0) -> 0 | O7: =E7-D7 -> -167
A8: 6 | B8: NQ50 | C8: =VLOOKUP(B8,バーコード貼付!$A$1:$D$4652,2,FALSE) -> 2”(50)ﾎﾟﾝﾌﾟ用ｴﾙﾎﾞ | D8: =VLOOKUP(B8,バーコード貼付!$A$1:$D$4652,3,FALSE) -> 154 | E8: =VLOOKUP(B8,バーコード貼付!$A$1:$D$4652,4,FALSE) -> 50 | G8: =IF(D8-E8>=0,0,1) -> 0 | I8: =IF(AND(D8<=0,D8-E8<0),1,0) -> 0 | O8: =E8-D8 -> -104
A9: 7 | B9: NQ25T | C9: =VLOOKUP(B9,バーコード貼付!$A$1:$D$4652,2,FALSE) -> 1”(25)ﾎﾟﾝﾌﾟ用ｴﾙﾎﾞ部品ﾀｹﾉｺ | D9: =VLOOKUP(B9,バーコード貼付!$A$1:$D$4652,3,FALSE) -> 285 | E9: =VLOOKUP(B9,バーコード貼付!$A$1:$D$4652,4,FALSE) -> 5 | G9: =IF(D9-E9>=0,0,1) -> 0 | I9: =IF(AND(D9<=0,D9-E9<0),1,0) -> 0 | O9: =E9-D9 -> -280
A10: 8 | B10: NQ3832T | C10: =VLOOKUP(B10,バーコード貼付!$A$1:$D$4652,2,FALSE) -> BCPT11/2(38)*32ﾎﾟﾝﾌﾟｴﾙﾎﾞ用ﾀｹﾉｺ | D10: =VLOOKUP(B10,バーコード貼付!$A$1:$D$4652,3,FALSE) -> 81 | E10: =VLOOKUP(B10,バーコード貼付!$A$1:$D$4652,4,FALSE) -> 5 | G10: =IF(D10-E10>=0,0,1) -> 0 | I10: =IF(AND(D10<=0,D10-E10<0),1,0) -> 0 | O10: =E10-D10 -> -76
A11: 9 | B11: NQ32T | C11: =VLOOKUP(B11,バーコード貼付!$A$1:$D$4652,2,FALSE) -> 11/4(32)ﾎﾟﾝﾌﾟ用ｴﾙﾎﾞ部品ﾀｹﾉｺ | D11: =VLOOKUP(B11,バーコード貼付!$A$1:$D$4652,3,FALSE) -> 6 | E11: =VLOOKUP(B11,バーコード貼付!$A$1:$D$4652,4,FALSE) -> 5 | G11: =IF(D11-E11>=0,0,1) -> 0 | I11: =IF(AND(D11<=0,D11-E11<0),1,0) -> 0 | O11: =E11-D11 -> -1
A12: 10 | B12: NQ38T | C12: =VLOOKUP(B12,バーコード貼付!$A$1:$D$4652,2,FALSE) -> 11/2(38)ﾎﾟﾝﾌﾟ用ｴﾙﾎﾞ部品ﾀｹﾉｺ | D12: =VLOOKUP(B12,バーコード貼付!$A$1:$D$4652,3,FALSE) -> 291 | E12: =VLOOKUP(B12,バーコード貼付!$A$1:$D$4652,4,FALSE) -> 5 | G12: =IF(D12-E12>=0,0,1) -> 0 | I12: =IF(AND(D12<=0,D12-E12<0),1,0) -> 0 | O12: =E12-D12 -> -286
A13: 11 | B13: NQ50T | C13: =VLOOKUP(B13,バーコード貼付!$A$1:$D$4652,2,FALSE) -> 2”(50)ﾎﾟﾝﾌﾟ用ｴﾙﾎﾞ部品ﾀｹﾉｺ | D13: =VLOOKUP(B13,バーコード貼付!$A$1:$D$4652,3,FALSE) -> 82 | E13: =VLOOKUP(B13,バーコード貼付!$A$1:$D$4652,4,FALSE) -> 5 | G13: =IF(D13-E13>=0,0,1) -> 0 | I13: =IF(AND(D13<=0,D13-E13<0),1,0) -> 0 | O13: =E13-D13 -> -77
